<?xml version="1.0" encoding="UTF-8" standalone="yes"?>
<!--
    TV ADDONS Batch Installer Manifest File
    Slightly Modified
-->
<installer>
    <!--
        Addons is a required container for a list of addon username and addon_id pairs.
        Each container requires both pairs.
    -->
    <addons>
	<addon>
            <addon_id>repository.maverickrepo</addon_id>
            <username>Maverick53</username>
        </addon>
		<addon>
            <addon_id>Priest502.Repository</addon_id>
            <username>Priest502</username>
        </addon>
		<addon>
            <addon_id>griffin</addon_id>
            <username>Priest502</username>
        </addon>
        <addon>
            <addon_id>repository.kodibae</addon_id>
            <username>kodibae</username>
        </addon>
		<addon>
            <addon_id>repository.exodusredux</addon_id>
            <username>I-A-C</username>
        </addon>
		<addon>
            <addon_id>repository.supremacy</addon_id>
            <username>Priest502</username>
        </addon>
        <addon>
            <addon_id>plugin.video.exodus</addon_id>
            <username>kodibae</username>
        </addon>
        <addon>
            <addon_id>plugin.video.ccloudtv</addon_id>
            <username>kodibae</username>
        </addon>
		<addon>
            <addon_id>plugin.video.MaverickTV</addon_id>
            <username>Maverick53</username>
        </addon>
		<addon>
            <addon_id>plugin.video.themagicdragon</addon_id>
            <username>Maverick53</username>
        </addon>
		<addon>
			<addon_id>plugin.video.exodusredux</addon_id>
			<username>I-A-C</username>
		</addon>
		<addon>
			<addon_id>plugin.video.AtTheFlix</addon_id>
			<username>Maverick53</username>
		</addon>
	</addons>
	<configs dir="configs"=>
		<config>
			<source>favourites.xml</source>
			<destination>special://profile/</source>
		</config>
	</configs>
			
    <!--
        Configs is an optional container for a list of config files and destinations.
        This is not limited to config files; could include images, databases, etc.
        *** Be careful, this it will overwrite destinations. ***
        Each file is copied overwriting the distination.
        ./configs/test.xml will overwrite special://profile/addon_data/plugin.video.animaltv/test.xml
    -->
    <!--
        Settings is an optional container for a list of addon settings key and value pairs.
    -->
    <!--
        Optionally issue a series of built-in commands.
        *** Be careful, know what you are doing here! ***
    -->
    <!--
        Optionally issue a series of JSONRPC commands.
        *** Be very careful, know what you are doing here! ***
    -->
</installer>
