<?xml version="1.0" encoding="UTF-8" standalone="yes"?>
<!--
    TV ADDONS Batch Installer Manifest File
    Slightly Modified
-->
<installer>
    <!--
        Addons is a required container for a list of addon username and addon_id pairs.
        Each container requires both pairs.
    -->
    <addons>
		<addon>
            <addon_id>Floyd6969.github.io</addon_id>
            <username>Floyd6969</username>
        </addon>
		<addon>
            <addon_id>Priest502.Repository</addon_id>
            <username>Priest502</username>
        </addon>
		<addon>
            <addon_id>tempest0580.github.io</addon_id>
            <username>Tempest0580</username>
        </addon>
        <addon>
            <addon_id>repository.kodibae</addon_id>
            <username>kodibae</username>
        </addon>
		<addon>
            <addon_id>repository.exodusredux</addon_id>
            <username>I-A-C</username>
        </addon>
		<addon>
            <addon_id>repository.cy4root</addon_id>
            <username>cy4root2</username>
        </addon>
        <addon>
            <addon_id>plugin.video.exodus</addon_id>
            <username>kodibae</username>
        </addon>
        <addon>
            <addon_id>plugin.video.uranus</addon_id>
            <username>cy4root2</username>
        </addon>
        <addon>
            <addon_id>plugin.video.ccloudtv</addon_id>
            <username>kodibae</username>
        </addon>
		<addon>
            <addon_id>plugin.video.Maverick</addon_id>
            <username>Floyd6969</username>
        </addon>
		<addon>
			<addon_id>plugin.video.exodusredux</addon_id>
			<username>I-A-C</username>
		</addon>
	</addons>
</installer>
