<favourites>
    <favourite name="Chrisley Knows Best" thumb="http://thetvdb.com/banners/posters/279228-2.jpg">ActivateWindow(10025,&quot;plugin://plugin.video.exodus/?action=seasons&amp;imdb=tt3688530&amp;tvdb=279228&amp;tvshowtitle=Chrisley%20Knows%20Best&amp;year=2014&quot;,return)</favourite>
    <favourite name="The Flash (2014)" thumb="http://thetvdb.com/banners/posters/279121-27.jpg">ActivateWindow(10025,&quot;plugin://plugin.video.exodus/?action=seasons&amp;imdb=tt3107288&amp;tvdb=279121&amp;tvshowtitle=The%20Flash&amp;year=2014&quot;,return)</favourite>
    <favourite name="Shameless (US)" thumb="http://thetvdb.com/banners/posters/161511-17.jpg">ActivateWindow(10025,&quot;plugin://plugin.video.exodus/?action=seasons&amp;imdb=tt1586680&amp;tvdb=161511&amp;tvshowtitle=Shameless&amp;year=2011&quot;,return)</favourite>
    <favourite name="Supergirl" thumb="http://thetvdb.com/banners/posters/295759-17.jpg">ActivateWindow(10025,&quot;plugin://plugin.video.exodus/?action=seasons&amp;imdb=tt4016454&amp;tvdb=295759&amp;tvshowtitle=Supergirl&amp;year=2015&quot;,return)</favourite>
    <favourite name="Stranger Things" thumb="http://thetvdb.com/banners/posters/305288-5.jpg">ActivateWindow(10025,&quot;plugin://plugin.video.exodus/?action=seasons&amp;imdb=tt4574334&amp;tvdb=305288&amp;tvshowtitle=Stranger%20Things&amp;year=2016&quot;,return)</favourite>
    <favourite name="Orange Is the New Black" thumb="http://thetvdb.com/banners/posters/264586-8.jpg">ActivateWindow(10025,&quot;plugin://plugin.video.exodus/?action=seasons&amp;imdb=tt2372162&amp;tvdb=264586&amp;tvshowtitle=Orange%20Is%20the%20New%20Black&amp;year=2013&quot;,return)</favourite>
    <favourite name="Westworld" thumb="http://thetvdb.com/banners/posters/296762-3.jpg">ActivateWindow(10025,&quot;plugin://plugin.video.exodus/?action=seasons&amp;imdb=tt0475784&amp;tvdb=296762&amp;tvshowtitle=Westworld&amp;year=2016&quot;,return)</favourite>
    <favourite name="The Expanse" thumb="http://thetvdb.com/banners/posters/280619-7.jpg">ActivateWindow(10025,&quot;plugin://plugin.video.exodus/?action=seasons&amp;imdb=tt3230854&amp;tvdb=280619&amp;tvshowtitle=The%20Expanse&amp;year=2015&quot;,return)</favourite>
    <favourite name="The Magicians (2015)" thumb="http://thetvdb.com/banners/posters/299139-9.jpg">ActivateWindow(10025,&quot;plugin://plugin.video.exodus/?action=seasons&amp;imdb=tt4254242&amp;tvdb=299139&amp;tvshowtitle=The%20Magicians&amp;year=2015&quot;,return)</favourite>
    <favourite name="Lethal Weapon" thumb="http://thetvdb.com/banners/posters/311790-1.jpg">ActivateWindow(10025,&quot;plugin://plugin.video.exodus/?action=seasons&amp;imdb=tt5164196&amp;tvdb=311790&amp;tvshowtitle=Lethal%20Weapon&amp;year=2016&quot;,return)</favourite>
    <favourite name="American Gods" thumb="http://thetvdb.com/banners/posters/253573-3.jpg">ActivateWindow(10025,&quot;plugin://plugin.video.exodus/?action=seasons&amp;imdb=tt1898069&amp;tvdb=253573&amp;tvshowtitle=American%20Gods&amp;year=2017&quot;,return)</favourite>
    <favourite name="Blindspot" thumb="http://thetvdb.com/banners/posters/295647-6.jpg">ActivateWindow(10025,&quot;plugin://plugin.video.exodus/?action=seasons&amp;imdb=tt4474344&amp;tvdb=295647&amp;tvshowtitle=Blindspot&amp;year=2015&quot;,return)</favourite>
    <favourite name="Last Man Standing (2011)" thumb="http://thetvdb.com/banners/posters/248834-6.jpg">ActivateWindow(10025,&quot;plugin://plugin.video.exodus/?action=seasons&amp;imdb=tt1828327&amp;tvdb=248834&amp;tvshowtitle=Last%20Man%20Standing&amp;year=2011&quot;,return)</favourite>
    <favourite name="Colony" thumb="http://thetvdb.com/banners/posters/284210-11.jpg">ActivateWindow(10025,&quot;plugin://plugin.video.exodus/?action=seasons&amp;imdb=tt4209256&amp;tvdb=284210&amp;tvshowtitle=Colony&amp;year=2016&quot;,return)</favourite>
    <favourite name="Schitt&apos;s Creek" thumb="http://thetvdb.com/banners/posters/287247-4.jpg">ActivateWindow(10025,&quot;plugin://plugin.video.exodus/?action=seasons&amp;imdb=tt3526078&amp;tvdb=287247&amp;tvshowtitle=Schitt%27s%20Creek&amp;year=2015&quot;,return)</favourite>
    <favourite name="Santa Clarita Diet" thumb="http://thetvdb.com/banners/posters/320450-1.jpg">ActivateWindow(10025,&quot;plugin://plugin.video.exodus/?action=seasons&amp;imdb=tt5580540&amp;tvdb=320450&amp;tvshowtitle=Santa%20Clarita%20Diet&amp;year=2017&quot;,return)</favourite>
    <favourite name="NCIS: Los Angeles" thumb="http://thetvdb.com/banners/posters/95441-15.jpg">ActivateWindow(10025,&quot;plugin://plugin.video.exodus/?action=seasons&amp;imdb=tt1378167&amp;tvdb=95441&amp;tvshowtitle=NCIS%3a%20Los%20Angeles&amp;year=2009&quot;,return)</favourite>
    <favourite name="The Man in the High Castle" thumb="http://thetvdb.com/banners/posters/295829-7.jpg">ActivateWindow(10025,&quot;plugin://plugin.video.exodus/?action=seasons&amp;imdb=tt1740299&amp;tvdb=295829&amp;tvshowtitle=The%20Man%20in%20the%20High%20Castle&amp;year=2015&quot;,return)</favourite>
    <favourite name="The Last Man on Earth" thumb="http://thetvdb.com/banners/posters/281622-1.jpg">ActivateWindow(10025,&quot;plugin://plugin.video.exodus/?action=seasons&amp;imdb=tt3230454&amp;tvdb=281622&amp;tvshowtitle=The%20Last%20Man%20on%20Earth&amp;year=2015&quot;,return)</favourite>
    <favourite name="Humans" thumb="http://thetvdb.com/banners/posters/292124-7.jpg">ActivateWindow(10025,&quot;plugin://plugin.video.exodus/?action=seasons&amp;imdb=tt4122068&amp;tvdb=292124&amp;tvshowtitle=Humans&amp;year=2015&quot;,return)</favourite>
    <favourite name="Shadowhunters" thumb="http://thetvdb.com/banners/posters/295837-15.jpg">ActivateWindow(10025,&quot;plugin://plugin.video.exodus/?action=seasons&amp;imdb=tt4145054&amp;tvdb=295837&amp;tvshowtitle=Shadowhunters%3a%20The%20Mortal%20Instruments&amp;year=2016&quot;,return)</favourite>
    <favourite name="Timeless (2016)" thumb="http://thetvdb.com/banners/posters/311713-3.jpg">ActivateWindow(10025,&quot;plugin://plugin.video.exodus/?action=seasons&amp;imdb=tt5511582&amp;tvdb=311713&amp;tvshowtitle=Timeless&amp;year=2016&quot;,return)</favourite>
    <favourite name="MacGyver (2016)" thumb="http://thetvdb.com/banners/posters/311902-1.jpg">ActivateWindow(10025,&quot;plugin://plugin.video.exodus/?action=seasons&amp;imdb=tt1399045&amp;tvdb=311902&amp;tvshowtitle=MacGyver&amp;year=2016&quot;,return)</favourite>
    <favourite name="Powerless" thumb="http://thetvdb.com/banners/posters/311786-5.jpg">ActivateWindow(10025,&quot;plugin://plugin.video.exodus/?action=seasons&amp;imdb=tt5083928&amp;tvdb=311786&amp;tvshowtitle=Powerless&amp;year=2017&quot;,return)</favourite>
    <favourite name="The Detour" thumb="http://thetvdb.com/banners/posters/305666-7.jpg">ActivateWindow(10025,&quot;plugin://plugin.video.exodus/?action=seasons&amp;imdb=tt4903242&amp;tvdb=305666&amp;tvshowtitle=The%20Detour&amp;year=2016&quot;,return)</favourite>
    <favourite name="South Park" thumb="http://thetvdb.com/banners/posters/75897-5.jpg">ActivateWindow(10025,&quot;plugin://plugin.video.exodus/?action=seasons&amp;imdb=tt0121955&amp;tvdb=75897&amp;tvshowtitle=South%20Park&amp;year=1997&quot;,return)</favourite>
    <favourite name="Animal Kingdom (2016)" thumb="http://thetvdb.com/banners/posters/304262-3.jpg">ActivateWindow(10025,&quot;plugin://plugin.video.exodus/?action=seasons&amp;imdb=tt5574490&amp;tvdb=304262&amp;tvshowtitle=Animal%20Kingdom&amp;year=2016&quot;,return)</favourite>
    <favourite name="Superstore" thumb="http://thetvdb.com/banners/posters/295648-3.jpg">ActivateWindow(10025,&quot;plugin://plugin.video.exodus/?action=seasons&amp;imdb=tt4477976&amp;tvdb=295648&amp;tvshowtitle=Superstore&amp;year=2015&quot;,return)</favourite>
    <favourite name="11.22.63" thumb="http://thetvdb.com/banners/posters/301824-3.jpg">ActivateWindow(10025,&quot;plugin://plugin.video.exodus/?action=seasons&amp;imdb=tt2879552&amp;tvdb=301824&amp;tvshowtitle=11.22.63&amp;year=2016&quot;,return)</favourite>
    <favourite name="The Grand Tour (2016)" thumb="http://thetvdb.com/banners/posters/314087-5.jpg">ActivateWindow(10025,&quot;plugin://plugin.video.exodus/?action=seasons&amp;imdb=tt5712554&amp;tvdb=314087&amp;tvshowtitle=The%20Grand%20Tour&amp;year=2016&quot;,return)</favourite>
    <favourite name="The Librarians (2014)" thumb="http://thetvdb.com/banners/posters/281709-7.jpg">ActivateWindow(10025,&quot;plugin://plugin.video.exodus/?action=seasons&amp;imdb=tt3663490&amp;tvdb=281709&amp;tvshowtitle=The%20Librarians&amp;year=2014&quot;,return)</favourite>
    <favourite name="Strike Back" thumb="http://thetvdb.com/banners/posters/148581-8.jpg">ActivateWindow(10025,&quot;plugin://plugin.video.exodus/?action=seasons&amp;imdb=tt1492179&amp;tvdb=148581&amp;tvshowtitle=Strike%20Back&amp;year=2010&quot;,return)</favourite>
    <favourite name="Beyond" thumb="http://thetvdb.com/banners/posters/318106-2.jpg">ActivateWindow(10025,&quot;plugin://plugin.video.exodus/?action=seasons&amp;imdb=tt5174766&amp;tvdb=318106&amp;tvshowtitle=Beyond&amp;year=2017&quot;,return)</favourite>
    <favourite name="Trailer Park Boys" thumb="http://thetvdb.com/banners/posters/70566-4.jpg">ActivateWindow(10025,&quot;plugin://plugin.video.exodus/?action=seasons&amp;imdb=tt0290988&amp;tvdb=70566&amp;tvshowtitle=Trailer%20Park%20Boys&amp;year=2001&quot;,return)</favourite>
    <favourite name="3%" thumb="http://thetvdb.com/banners/posters/250749-6.jpg">ActivateWindow(10025,&quot;plugin://plugin.video.exodus/?action=seasons&amp;imdb=tt4922804&amp;tvdb=250749&amp;tvshowtitle=3%25&amp;year=2016&quot;,return)</favourite>
    <favourite name="The Good Place" thumb="http://thetvdb.com/banners/posters/311711-1.jpg">ActivateWindow(10025,&quot;plugin://plugin.video.exodus/?action=seasons&amp;imdb=tt4955642&amp;tvdb=311711&amp;tvshowtitle=The%20Good%20Place&amp;year=2016&quot;,return)</favourite>
    <favourite name="People of Earth" thumb="http://thetvdb.com/banners/posters/315068-2.jpg">ActivateWindow(10025,&quot;plugin://plugin.video.exodus/?action=seasons&amp;imdb=tt4695530&amp;tvdb=315068&amp;tvshowtitle=People%20of%20Earth&amp;year=2016&quot;,return)</favourite>
    <favourite name="Man Seeking Woman" thumb="http://thetvdb.com/banners/posters/283346-7.jpg">ActivateWindow(10025,&quot;plugin://plugin.video.exodus/?action=seasons&amp;imdb=tt4189492&amp;tvdb=283346&amp;tvshowtitle=Man%20Seeking%20Woman&amp;year=2015&quot;,return)</favourite>
    <favourite name="Between" thumb="http://thetvdb.com/banners/posters/293194-7.jpg">ActivateWindow(10025,&quot;plugin://plugin.video.exodus/?action=seasons&amp;imdb=tt4132692&amp;tvdb=293194&amp;tvshowtitle=Between&amp;year=2015&quot;,return)</favourite>
    <favourite name="Powers (2015)" thumb="http://thetvdb.com/banners/posters/286943-6.jpg">ActivateWindow(10025,&quot;plugin://plugin.video.exodus/?action=seasons&amp;imdb=tt1851040&amp;tvdb=286943&amp;tvshowtitle=Powers&amp;year=2015&quot;,return)</favourite>
    <favourite name="The Great Indoors" thumb="http://thetvdb.com/banners/posters/311948-3.jpg">ActivateWindow(10025,&quot;plugin://plugin.video.exodus/?action=seasons&amp;imdb=tt5485566&amp;tvdb=311948&amp;tvshowtitle=The%20Great%20Indoors&amp;year=2016&quot;,return)</favourite>
    <favourite name="You Are Wanted" thumb="http://thetvdb.com/banners/posters/323033-1.jpg">ActivateWindow(10025,&quot;plugin://plugin.video.exodus/?action=seasons&amp;imdb=tt5462886&amp;tvdb=323033&amp;tvshowtitle=You%20Are%20Wanted&amp;year=2017&quot;,return)</favourite>
    <favourite name="The Handmaid&apos;s Tale" thumb="http://thetvdb.com/banners/posters/321239-3.jpg">ActivateWindow(10025,&quot;plugin://plugin.video.exodus/?action=seasons&amp;imdb=tt5834204&amp;tvdb=321239&amp;tvshowtitle=The%20Handmaid%27s%20Tale&amp;year=2017&quot;,return)</favourite>
    <favourite name="Legion" thumb="http://thetvdb.com/banners/posters/320724-1.jpg">ActivateWindow(10025,&quot;plugin://plugin.video.exodus/?action=seasons&amp;imdb=tt5114356&amp;tvdb=320724&amp;tvshowtitle=Legion&amp;year=2017&quot;,return)</favourite>
    <favourite name="Veep" thumb="http://thetvdb.com/banners/posters/237831-8.jpg">ActivateWindow(10025,&quot;plugin://plugin.video.exodus/?action=seasons&amp;imdb=tt1759761&amp;tvdb=237831&amp;tvshowtitle=Veep&amp;year=2012&quot;,return)</favourite>
    <favourite name="Marvel&apos;s Jessica Jones" thumb="http://thetvdb.com/banners/posters/284190-9.jpg">ActivateWindow(10025,&quot;plugin://plugin.video.exodus/?action=seasons&amp;imdb=tt2357547&amp;tvdb=284190&amp;tvshowtitle=Jessica%20Jones&amp;year=2015&quot;,return)</favourite>
    <favourite name="Marvel&apos;s Luke Cage" thumb="http://thetvdb.com/banners/posters/304219-2.jpg">ActivateWindow(10025,&quot;plugin://plugin.video.exodus/?action=seasons&amp;imdb=tt3322314&amp;tvdb=304219&amp;tvshowtitle=Luke%20Cage&amp;year=2016&quot;,return)</favourite>
    <favourite name="Preacher" thumb="http://thetvdb.com/banners/posters/300472-15.jpg">ActivateWindow(10025,&quot;plugin://plugin.video.exodus/?action=seasons&amp;imdb=tt5016504&amp;tvdb=300472&amp;tvshowtitle=Preacher&amp;year=2016&quot;,return)</favourite>
    <favourite name="The OA" thumb="http://thetvdb.com/banners/posters/321060-3.jpg">ActivateWindow(10025,&quot;plugin://plugin.video.exodus/?action=seasons&amp;imdb=tt4635282&amp;tvdb=321060&amp;tvshowtitle=The%20OA&amp;year=2016&quot;,return)</favourite>
    <favourite name="Catastrophe (2015)" thumb="http://thetvdb.com/banners/posters/289771-6.jpg">ActivateWindow(10025,&quot;plugin://plugin.video.exodus/?action=seasons&amp;imdb=tt4374208&amp;tvdb=289771&amp;tvshowtitle=Catastrophe&amp;year=2015&quot;,return)</favourite>
    <favourite name="Wynonna Earp" thumb="http://thetvdb.com/banners/posters/305582-2.jpg">ActivateWindow(10025,&quot;plugin://plugin.video.exodus/?action=seasons&amp;imdb=tt4878326&amp;tvdb=305582&amp;tvshowtitle=Wynonna%20Earp&amp;year=2016&quot;,return)</favourite>
    <favourite name="The Shannara Chronicles" thumb="http://thetvdb.com/banners/posters/289096-10.jpg">ActivateWindow(10025,&quot;plugin://plugin.video.exodus/?action=seasons&amp;imdb=tt1051220&amp;tvdb=289096&amp;tvshowtitle=The%20Shannara%20Chronicles&amp;year=2016&quot;,return)</favourite>
    <favourite name="The Last Ship" thumb="http://thetvdb.com/banners/posters/269533-6.jpg">ActivateWindow(10025,&quot;plugin://plugin.video.exodus/?action=seasons&amp;imdb=tt2402207&amp;tvdb=269533&amp;tvshowtitle=The%20Last%20Ship&amp;year=2014&quot;,return)</favourite>
    <favourite name="The Strain" thumb="http://thetvdb.com/banners/posters/276564-19.jpg">ActivateWindow(10025,&quot;plugin://plugin.video.exodus/?action=seasons&amp;imdb=tt2654620&amp;tvdb=276564&amp;tvshowtitle=The%20Strain&amp;year=2014&quot;,return)</favourite>
    <favourite name="Patriot (2017)" thumb="http://thetvdb.com/banners/posters/323267-1.jpg">ActivateWindow(10025,&quot;plugin://plugin.video.exodus/?action=seasons&amp;imdb=tt4687882&amp;tvdb=323267&amp;tvshowtitle=Patriot&amp;year=2015&quot;,return)</favourite>
    <favourite name="Halt and Catch Fire" thumb="http://thetvdb.com/banners/posters/271910-9.jpg">ActivateWindow(10025,&quot;plugin://plugin.video.exodus/?action=seasons&amp;imdb=tt2543312&amp;tvdb=271910&amp;tvshowtitle=Halt%20and%20Catch%20Fire&amp;year=2014&quot;,return)</favourite>
    <favourite name="Hap and Leonard" thumb="http://thetvdb.com/banners/posters/305687-2.jpg">ActivateWindow(10025,&quot;plugin://plugin.video.exodus/?action=seasons&amp;imdb=tt3729898&amp;tvdb=305687&amp;tvshowtitle=Hap%20and%20Leonard&amp;year=2016&quot;,return)</favourite>
    <favourite name="SS-GB" thumb="http://thetvdb.com/banners/posters/323579-4.jpg">ActivateWindow(10025,&quot;plugin://plugin.video.exodus/?action=seasons&amp;imdb=tt4939950&amp;tvdb=323579&amp;tvshowtitle=SS-GB&amp;year=2017&quot;,return)</favourite>
    <favourite name="Red Dwarf" thumb="http://thetvdb.com/banners/posters/71326-8.jpg">ActivateWindow(10025,&quot;plugin://plugin.video.exodus/?action=seasons&amp;imdb=tt0094535&amp;tvdb=71326&amp;tvshowtitle=Red%20Dwarf&amp;year=1988&quot;,return)</favourite>
    <favourite name="Wrecked (2016)" thumb="http://thetvdb.com/banners/posters/310555-2.jpg">ActivateWindow(10025,&quot;plugin://plugin.video.exodus/?action=seasons&amp;imdb=tt4168956&amp;tvdb=310555&amp;tvshowtitle=Wrecked&amp;year=2016&quot;,return)</favourite>
    <favourite name="Con Man" thumb="http://thetvdb.com/banners/posters/298156-1.jpg">ActivateWindow(10025,&quot;plugin://plugin.video.exodus/?action=seasons&amp;imdb=tt4642170&amp;tvdb=298156&amp;tvshowtitle=Con%20Man&amp;year=2015&quot;,return)</favourite>
    <favourite name="Our Girl" thumb="http://thetvdb.com/banners/posters/278640-4.jpg">ActivateWindow(10025,&quot;plugin://plugin.video.exodus/?action=seasons&amp;imdb=tt3815412&amp;tvdb=278640&amp;tvshowtitle=Our%20Girl&amp;year=2013&quot;,return)</favourite>
    <favourite name="Street Outlaws" thumb="http://thetvdb.com/banners/posters/270202-3.jpg">ActivateWindow(10025,&quot;plugin://plugin.video.exodus/?action=seasons&amp;imdb=tt3027156&amp;tvdb=270202&amp;tvshowtitle=Street%20Outlaws&amp;year=2013&quot;,return)</favourite>
    <favourite name="Jean-Claude Van Johnson" thumb="http://thetvdb.com/banners/posters/317653-1.jpg">ActivateWindow(10025,&quot;plugin://plugin.video.exodus/?action=seasons&amp;imdb=tt6682754&amp;tvdb=317653&amp;tvshowtitle=Jean-Claude%20Van%20Johnson&amp;year=2016&quot;,return)</favourite>
    <favourite name="Ancient Aliens" thumb="http://thetvdb.com/banners/posters/101501-4.jpg">ActivateWindow(10025,&quot;plugin://plugin.video.exodus/?action=seasons&amp;imdb=tt1643266&amp;tvdb=101501&amp;tvshowtitle=Ancient%20Aliens&amp;year=2010&quot;,return)</favourite>
    <favourite name="Star Trek Continues" thumb="http://thetvdb.com/banners/posters/264220-4.jpg">ActivateWindow(10025,&quot;plugin://plugin.video.exodus/?action=seasons&amp;imdb=tt2732442&amp;tvdb=264220&amp;tvshowtitle=Star%20Trek%20Continues&amp;year=2012&quot;,return)</favourite>
    <favourite name="Alaskan Bush People" thumb="http://thetvdb.com/banners/posters/281414-1.jpg">ActivateWindow(10025,&quot;plugin://plugin.video.exodus/?action=seasons&amp;imdb=tt3665674&amp;tvdb=281414&amp;tvshowtitle=Alaskan%20Bush%20People&amp;year=2014&quot;,return)</favourite>
    <favourite name="Those Who Can&apos;t" thumb="http://thetvdb.com/banners/posters/303884-3.jpg">ActivateWindow(10025,&quot;plugin://plugin.video.exodus/?action=seasons&amp;imdb=tt4264096&amp;tvdb=303884&amp;tvshowtitle=Those%20Who%20Can%27t&amp;year=2016&quot;,return)</favourite>
    <favourite name="Blunt Talk" thumb="http://thetvdb.com/banners/posters/281181-3.jpg">ActivateWindow(10025,&quot;plugin://plugin.video.exodus/?action=seasons&amp;imdb=tt4197508&amp;tvdb=281181&amp;tvshowtitle=Blunt%20Talk&amp;year=2015&quot;,return)</favourite>
    <favourite name="The Ministry of Time" thumb="http://thetvdb.com/banners/posters/292262-1.jpg">ActivateWindow(10025,&quot;plugin://plugin.video.exodus/?action=seasons&amp;imdb=tt4136774&amp;tvdb=292262&amp;tvshowtitle=El%20ministerio%20del%20tiempo&amp;year=2015&quot;,return)</favourite>
    <favourite name="Witchblade" thumb="http://thetvdb.com/banners/posters/79072-1.jpg">ActivateWindow(10025,&quot;plugin://plugin.video.exodus/?action=seasons&amp;imdb=tt0274298&amp;tvdb=79072&amp;tvshowtitle=Witchblade&amp;year=2001&quot;,return)</favourite>
    <favourite name="GLOW" thumb="http://thetvdb.com/banners/posters/324835-2.jpg">ActivateWindow(10025,&quot;plugin://plugin.video.exodus/?action=seasons&amp;imdb=tt5770786&amp;tvdb=324835&amp;tvshowtitle=GLOW&amp;year=2017&quot;,return)</favourite>
    <favourite name="Missions" thumb="http://thetvdb.com/banners/posters/327319-2.jpg">ActivateWindow(10025,&quot;plugin://plugin.video.exodus/?action=seasons&amp;imdb=tt6445112&amp;tvdb=327319&amp;tvshowtitle=Missions&amp;year=2017&quot;,return)</favourite>
    <favourite name="Saving The Human Race" thumb="http://thetvdb.com/banners/posters/328661-1.jpg">ActivateWindow(10025,&quot;plugin://plugin.video.exodus/?action=seasons&amp;imdb=tt6874504&amp;tvdb=328661&amp;tvshowtitle=Saving%20the%20Human%20Race%3a%20Webisodes&amp;year=2017&quot;,return)</favourite>
    <favourite name="Salvation" thumb="http://thetvdb.com/banners/posters/325517-1.jpg">ActivateWindow(10025,&quot;plugin://plugin.video.exodus/?action=seasons&amp;imdb=tt6170874&amp;tvdb=325517&amp;tvshowtitle=Salvation&amp;year=2017&quot;,return)</favourite>
    <favourite name="Ozark" thumb="http://thetvdb.com/banners/posters/329089-2.jpg">ActivateWindow(10025,&quot;plugin://plugin.video.exodus/?action=seasons&amp;imdb=tt5071412&amp;tvdb=329089&amp;tvshowtitle=Ozark&amp;year=2017&quot;,return)</favourite>
    <favourite name="Friends from College" thumb="http://thetvdb.com/banners/posters/328972-2.jpg">ActivateWindow(10025,&quot;plugin://plugin.video.exodus/?action=seasons&amp;imdb=tt5565334&amp;tvdb=328972&amp;tvshowtitle=Friends%20from%20College&amp;year=2017&quot;,return)</favourite>
    <favourite name="Star Trek: Discovery" thumb="http://thetvdb.com/banners/posters/328711-5.jpg">ActivateWindow(10025,&quot;plugin://plugin.video.exodus/?action=seasons&amp;imdb=tt5171438&amp;tvdb=328711&amp;tvshowtitle=Star%20Trek%3a%20Discovery&amp;year=2017&quot;,return)</favourite>
    <favourite name="Big Little Lies" thumb="http://thetvdb.com/banners/posters/305719-4.jpg">ActivateWindow(10025,&quot;plugin://plugin.video.exodus/?action=seasons&amp;imdb=tt3920596&amp;tvdb=305719&amp;tvshowtitle=Big%20Little%20Lies&amp;year=2017&quot;,return)</favourite>
    <favourite name="Marvel&apos;s The Defenders" thumb="http://thetvdb.com/banners/posters/326490-5.jpg">ActivateWindow(10025,&quot;plugin://plugin.video.exodus/?action=seasons&amp;imdb=tt4230076&amp;tvdb=326490&amp;tvshowtitle=The%20Defenders&amp;year=2017&quot;,return)</favourite>
    <favourite name="Midnight, Texas" thumb="http://thetvdb.com/banners/posters/311904-3.jpg">ActivateWindow(10025,&quot;plugin://plugin.video.exodus/?action=seasons&amp;imdb=tt5464086&amp;tvdb=311904&amp;tvshowtitle=Midnight%2c%20Texas&amp;year=2017&quot;,return)</favourite>
    <favourite name="Room 104" thumb="http://thetvdb.com/banners/posters/328308-3.jpg">ActivateWindow(10025,&quot;plugin://plugin.video.exodus/?action=seasons&amp;imdb=tt6064882&amp;tvdb=328308&amp;tvshowtitle=Room%20104&amp;year=2017&quot;,return)</favourite>
    <favourite name="The Mist" thumb="http://thetvdb.com/banners/posters/326887-2.jpg">ActivateWindow(10025,&quot;plugin://plugin.video.exodus/?action=seasons&amp;imdb=tt5639976&amp;tvdb=326887&amp;tvshowtitle=The%20Mist&amp;year=2017&quot;,return)</favourite>
    <favourite name="Cleverman" thumb="http://thetvdb.com/banners/posters/308846-5.jpg">ActivateWindow(10025,&quot;plugin://plugin.video.exodus/?action=seasons&amp;imdb=tt4649420&amp;tvdb=308846&amp;tvshowtitle=Cleverman&amp;year=2016&quot;,return)</favourite>
    <favourite name="The Leftovers" thumb="http://thetvdb.com/banners/posters/269689-11.jpg">ActivateWindow(10025,&quot;plugin://plugin.video.exodus/?action=seasons&amp;imdb=tt2699128&amp;tvdb=269689&amp;tvshowtitle=The%20Leftovers&amp;year=2014&quot;,return)</favourite>
    <favourite name="Van Helsing" thumb="http://thetvdb.com/banners/posters/308772-1.jpg">ActivateWindow(10025,&quot;plugin://plugin.video.exodus/?action=seasons&amp;imdb=tt5197820&amp;tvdb=308772&amp;tvshowtitle=Van%20Helsing&amp;year=2016&quot;,return)</favourite>
    <favourite name="Playing House" thumb="http://thetvdb.com/banners/posters/269898-2.jpg">ActivateWindow(10025,&quot;plugin://plugin.video.exodus/?action=seasons&amp;imdb=tt2750182&amp;tvdb=269898&amp;tvshowtitle=Playing%20House&amp;year=2014&quot;,return)</favourite>
    <favourite name="Still the King" thumb="http://thetvdb.com/banners/posters/309993-1.jpg">ActivateWindow(10025,&quot;plugin://plugin.video.exodus/?action=seasons&amp;imdb=tt4172154&amp;tvdb=309993&amp;tvshowtitle=Still%20the%20King&amp;year=2016&quot;,return)</favourite>
    <favourite name="The Tick (2016)" thumb="http://thetvdb.com/banners/posters/317654-2.jpg">ActivateWindow(10025,&quot;plugin://plugin.video.exodus/?action=seasons&amp;imdb=tt5540054&amp;tvdb=317654&amp;tvshowtitle=The%20Tick&amp;year=2017&quot;,return)</favourite>
    <favourite name="Disjointed" thumb="http://thetvdb.com/banners/posters/327359-3.jpg">ActivateWindow(10025,&quot;plugin://plugin.video.exodus/?action=seasons&amp;imdb=tt5884792&amp;tvdb=327359&amp;tvshowtitle=Disjointed&amp;year=2017&quot;,return)</favourite>
    <favourite name="Marvel&apos;s Inhumans" thumb="http://thetvdb.com/banners/posters/320558-5.jpg">ActivateWindow(10025,&quot;plugin://plugin.video.exodus/?action=seasons&amp;imdb=tt4154858&amp;tvdb=320558&amp;tvshowtitle=Inhumans&amp;year=2017&quot;,return)</favourite>
    <favourite name="Kill Switch (0)" thumb="https://images-na.ssl-images-amazon.com/images/M/MV5BMTcxMDA4NDIxMF5BMl5BanBnXkFtZTgwMTcwMDMzMjI@._V1_SX500.jpg">PlayMedia(&quot;plugin://plugin.video.exodus/?action=play&amp;title=Kill+Switch&amp;year=0&amp;imdb=tt5464234&amp;meta=%7B%22rating%22%3A+%225.2%22%2C+%22votes%22%3A+%224%2C643%22%2C+%22code%22%3A+%22tt5464234%22%2C+%22tmdb_id%22%3A+%220%22%2C+%22imdbnumber%22%3A+%22tt5464234%22%2C+%22plot%22%3A+%22A+pilot+battles+to+save+his+family+and+the+planet+after+an+experiment+for+unlimited+energy+goes+wrong.%22%2C+%22poster%22%3A+%22https%3A%2F%2Fimages-na.ssl-images-amazon.com%2Fimages%2FM%2FMV5BMTcxMDA4NDIxMF5BMl5BanBnXkFtZTgwMTcwMDMzMjI%40._V1_SX500.jpg%22%2C+%22title%22%3A+%22Kill+Switch%22%2C+%22mediatype%22%3A+%22movie%22%2C+%22next%22%3A+%22http%3A%2F%2Fwww.imdb.com%2Fsearch%2Ftitle%3Ftitle_type%3Dfeature%26num_votes%3D1000%2C%26release_date%3D2016-09-15%2C2017-09-15%26sort%3Drelease_date_us%2Cdesc%26count%3D40%26start%3D1%26page%3D4%26ref_%3Dadv_nxt%22%2C+%22originaltitle%22%3A+%22Kill+Switch%22%2C+%22cast%22%3A+%5B%22Dan+Stevens%22%2C+%22B%5Cu00e9r%5Cu00e9nice+Marlohe%22%2C+%22Tygo+Gernandt%22%2C+%22Charity+Wakefield%22%5D%2C+%22director%22%3A+%22Tim+Smit%22%2C+%22trailer%22%3A+%22plugin%3A%2F%2Fplugin.video.exodus%2F%3Faction%3Dtrailer%26name%3DKill%2BSwitch%2B%25280%2529%22%2C+%22mpaa%22%3A+%22R%22%2C+%22duration%22%3A+%225460%22%2C+%22imdb%22%3A+%22tt5464234%22%2C+%22imdb_id%22%3A+%22tt5464234%22%2C+%22genre%22%3A+%22Sci-Fi%22%2C+%22metacache%22%3A+false%7D&amp;t=20170915231050432417&quot;)</favourite>
    <favourite name="Attraction (2017)" thumb="https://image.tmdb.org/t/p/w300/nh1PnMz3geprr4WygYzbKuaEdFS.jpg">PlayMedia(&quot;plugin://plugin.video.exodus/?action=play&amp;title=Attraction&amp;year=2017&amp;imdb=tt4731148&amp;meta=%7B%22rating%22%3A+6.7611299999999996%2C+%22tmdb%22%3A+%22401513%22%2C+%22imdbnumber%22%3A+%22tt4731148%22%2C+%22poster%22%3A+%22https%3A%2F%2Fimage.tmdb.org%2Ft%2Fp%2Fw300%2Fnh1PnMz3geprr4WygYzbKuaEdFS.jpg%22%2C+%22mediatype%22%3A+%22movie%22%2C+%22imdb_id%22%3A+%22tt4731148%22%2C+%22director%22%3A+%22Fyodor+Bondarchuk%22%2C+%22genre%22%3A+%22Science-Fiction+%2F+Drama+%2F+Romance%22%2C+%22code%22%3A+%22tt4731148%22%2C+%22imdb%22%3A+%22tt4731148%22%2C+%22year%22%3A+%222017%22%2C+%22duration%22%3A+%227800%22%2C+%22poster3%22%3A+%22https%3A%2F%2Fimage.tmdb.org%2Ft%2Fp%2Fw300%2Fnh1PnMz3geprr4WygYzbKuaEdFS.jpg%22%2C+%22metacache%22%3A+false%2C+%22plot%22%3A+%22After+an+alien+ship+crash+lands+onto+a+Russian+city%2C+many+who+see+the+inside+and+the+occupants+start+to+question+their+own+existence+while+there+are+those+who+demand+the+aliens+to+leave+Earth%22%2C+%22votes%22%3A+%22247%22%2C+%22tmdb_id%22%3A+%22401513%22%2C+%22title%22%3A+%22Attraction%22%2C+%22tagline%22%3A+%22The+Earth+is+for+Humans%22%2C+%22writer%22%3A+%22Oleg+Malovichko%2C+Andrey+Zolotarev%22%2C+%22premiered%22%3A+%222017-01-26%22%2C+%22next%22%3A+%22http%3A%2F%2Fwww.imdb.com%2Fsearch%2Ftitle%3Ftitle_type%3Dfeature%26num_votes%3D1000%2C%26release_date%3D2016-09-15%2C2017-09-15%26sort%3Drelease_date_us%2Cdesc%26count%3D40%26start%3D1%26page%3D7%26ref_%3Dadv_nxt%22%2C+%22originaltitle%22%3A+%22Attraction%22%2C+%22cast%22%3A+%5B%5B%22Rinal+Mukhametov%22%2C+%22Hakon%22%5D%2C+%5B%22Sergey+Garmash%22%2C+%22Vice-Prime+Minister%22%5D%2C+%5B%22Oleg+Menshikov%22%2C+%22Colonel+Lebedev%22%5D%2C+%5B%22Irina+Starshenbaum%22%2C+%22Julia%22%5D%2C+%5B%22Nikita+Kukushkin%22%2C+%22Rus%22%5D%2C+%5B%22Alexander+Petrov%22%2C+%22Tom%22%5D%2C+%5B%22Darya+Rudenok%22%2C+%22Sveta%22%5D%2C+%5B%22Vilen+Babichev%22%2C+%22Police+Special+Forces%22%5D%2C+%5B%22Nikita+Tarasov%22%2C+%22Deputy%22%5D%2C+%5B%22Lyudmila+Maksakova%22%2C+%22Sofia%22%5D%2C+%5B%22Evgeniy+Mikheev%22%2C+%22Google%22%5D%2C+%5B%22Evgeniy+Sangadzhiev%22%2C+%22Python%22%5D%2C+%5B%22Aleksey+Maslodudov%22%2C+%22Mishkin%22%5D%2C+%5B%22Anton+Spinkov%22%2C+%22Mironov%22%5D%2C+%5B%22Evgeny+Koryakovsky%22%2C+%22Teacher%22%5D%2C+%5B%22Irina+Rossius%22%2C+%22Female+Reporter%22%5D%5D%2C+%22trailer%22%3A+%22plugin%3A%2F%2Fplugin.video.exodus%2F%3Faction%3Dtrailer%26name%3DAttraction%2B%25282017%2529%22%7D&amp;t=20170916011004221577&quot;)</favourite>
    <favourite name="All About the Money (2017)" thumb="https://images-na.ssl-images-amazon.com/images/M/MV5BNmZmYzg2OWMtMmE4OC00MTkwLTgwNjktYzE0ZDc1Zjk3OWNlXkEyXkFqcGdeQXVyMTk3NzQ0MQ@@._V1_SX500.jpg">PlayMedia(&quot;plugin://plugin.video.exodus/?action=play&amp;title=All+About+the+Money&amp;year=2017&amp;imdb=tt2312184&amp;meta=%7B%22rating%22%3A+6.6712300000000004%2C+%22tmdb%22%3A+%22456098%22%2C+%22imdbnumber%22%3A+%22tt2312184%22%2C+%22poster%22%3A+%22https%3A%2F%2Fimages-na.ssl-images-amazon.com%2Fimages%2FM%2FMV5BNmZmYzg2OWMtMmE4OC00MTkwLTgwNjktYzE0ZDc1Zjk3OWNlXkEyXkFqcGdeQXVyMTk3NzQ0MQ%40%40._V1_SX500.jpg%22%2C+%22mediatype%22%3A+%22movie%22%2C+%22imdb_id%22%3A+%22tt2312184%22%2C+%22director%22%3A+%22Blake+Freeman%22%2C+%22genre%22%3A+%22Comedy+%2F+Action+%2F+Adventure%22%2C+%22code%22%3A+%22tt2312184%22%2C+%22imdb%22%3A+%22tt2312184%22%2C+%22year%22%3A+%222017%22%2C+%22duration%22%3A+%225400%22%2C+%22metacache%22%3A+false%2C+%22plot%22%3A+%22Two+%5C%22down+on+their+luck%5C%22+buddies+are+convinced+by+a+third+to+take+a+vacation.+Only+after+landing+in+the+third+world+country+do+they+realize+that+they+are+there+to+attempt+to+capture+the+United+States%27+most+wanted+criminal+-+with+no+military+training.%22%2C+%22votes%22%3A+%22146%22%2C+%22tmdb_id%22%3A+%22456098%22%2C+%22title%22%3A+%22All+About+the+Money%22%2C+%22tagline%22%3A+%22%22%2C+%22writer%22%3A+%22Blake+Freeman%22%2C+%22premiered%22%3A+%222017-06-02%22%2C+%22next%22%3A+%22http%3A%2F%2Fwww.imdb.com%2Fsearch%2Ftitle%3Ftitle_type%3Dfeature%26num_votes%3D1000%2C%26release_date%3D2016-09-15%2C2017-09-15%26sort%3Drelease_date_us%2Cdesc%26count%3D40%26start%3D1%26page%3D8%26ref_%3Dadv_nxt%22%2C+%22originaltitle%22%3A+%22All+About+the+Money%22%2C+%22cast%22%3A+%5B%5B%22Danny+Trejo%22%2C+%22Luis+Diego%22%5D%2C+%5B%22Casper+Van+Dien%22%2C+%22Kurt%22%5D%2C+%5B%22Mindy+Robinson%22%2C+%22Vanessa%22%5D%2C+%5B%22Lin+Shaye%22%2C+%22Mrs.+Womack%22%5D%2C+%5B%22Jon+Gries%22%2C+%22Jon+Waters%22%5D%2C+%5B%22Eddie+Griffin%22%2C+%22Christopher+Jefferson+Johnson%22%5D%2C+%5B%22Richard+Speight+Jr.%22%2C+%22Rick%22%5D%2C+%5B%22Allison+McAtee%22%2C+%22Bethany+Vanderbilt%22%5D%2C+%5B%22Shawna+Craig%22%2C+%22Hot+Pool+Girl%22%5D%2C+%5B%22Jonathan+Slavin%22%2C+%22Dr.+Chadwell%22%5D%2C+%5B%22Nate+Hartley%22%2C+%22Tim%22%5D%2C+%5B%22Carlos+Carrasco%22%2C+%22General+Chavez%22%5D%2C+%5B%22JJ+Snyder%22%2C+%22News+Anchor%22%5D%2C+%5B%22Anthony+L.+Fernandez%22%2C+%22Columbian+Cartel+Member%22%5D%2C+%5B%22Carlos+Sanz%22%2C+%22Felix+Santos%22%5D%5D%2C+%22mpaa%22%3A+%22TV-14%22%2C+%22trailer%22%3A+%22plugin%3A%2F%2Fplugin.video.exodus%2F%3Faction%3Dtrailer%26name%3DAll%2BAbout%2Bthe%2BMoney%2B%25282017%2529%22%7D&amp;t=20170916014456990531&quot;)</favourite>
    <favourite name="Philip K. Dick&apos;s Electric Dreams" thumb="http://thetvdb.com/banners/posters/329083-2.jpg">ActivateWindow(10025,&quot;plugin://plugin.video.exodus/?action=seasons&amp;imdb=tt5711280&amp;tvdb=329083&amp;tvshowtitle=Philip%20K.%20Dick%27s%20Electric%20Dreams&amp;year=2017&quot;,return)</favourite>
    <favourite name="The Guest Book" thumb="http://thetvdb.com/banners/posters/330415-2.jpg">ActivateWindow(10025,&quot;plugin://plugin.video.exodus/?action=seasons&amp;imdb=tt5990096&amp;tvdb=330415&amp;tvshowtitle=The%20Guest%20Book&amp;year=2017&quot;,return)</favourite>
    <favourite name="Rammstein: Paris (0)" thumb="https://images-na.ssl-images-amazon.com/images/M/MV5BNzFkYTk4MGQtNmI2My00MzYxLWEzZGEtMzM1ZDUwMDBjNWZkXkEyXkFqcGdeQXVyNjgzMjEzNTU@._V1_SX500.jpg">PlayMedia(&quot;plugin://plugin.video.covenant/?action=play&amp;title=Rammstein%3A+Paris&amp;year=0&amp;imdb=tt5722116&amp;meta=%7B%22rating%22%3A+%227.2%22%2C+%22votes%22%3A+%221%2C159%22%2C+%22code%22%3A+%22tt5722116%22%2C+%22tmdb_id%22%3A+%220%22%2C+%22imdbnumber%22%3A+%22tt5722116%22%2C+%22plot%22%3A+%22Rammstein%27s+concert+recorded+in+Paris%2C+back+in+2012.%22%2C+%22poster%22%3A+%22https%3A%2F%2Fimages-na.ssl-images-amazon.com%2Fimages%2FM%2FMV5BNzFkYTk4MGQtNmI2My00MzYxLWEzZGEtMzM1ZDUwMDBjNWZkXkEyXkFqcGdeQXVyNjgzMjEzNTU%40._V1_SX500.jpg%22%2C+%22title%22%3A+%22Rammstein%3A+Paris%22%2C+%22mediatype%22%3A+%22movie%22%2C+%22next%22%3A+%22http%3A%2F%2Fwww.imdb.com%2Fsearch%2Ftitle%3Ftitle_type%3Dfeature%26num_votes%3D1000%2C%26release_date%3D2016-10-13%2C2017-10-13%26sort%3Drelease_date_us%2Cdesc%26count%3D40%26start%3D1%26page%3D10%26ref_%3Dadv_nxt%22%2C+%22originaltitle%22%3A+%22Rammstein%3A+Paris%22%2C+%22cast%22%3A+%5B%22Richard+Kruspe%22%2C+%22Paul+Landers%22%2C+%22Till+Lindemann%22%2C+%22Flake+Lorenz%22%5D%2C+%22director%22%3A+%22Jonas+%5Cu00c5kerlund%22%2C+%22trailer%22%3A+%22plugin%3A%2F%2Fplugin.video.covenant%2F%3Faction%3Dtrailer%26name%3DRammstein%253A%2BParis%2B%25280%2529%22%2C+%22duration%22%3A+%225880%22%2C+%22imdb%22%3A+%22tt5722116%22%2C+%22imdb_id%22%3A+%22tt5722116%22%2C+%22genre%22%3A+%22Music%22%2C+%22metacache%22%3A+false%7D&amp;t=20171013225227700454&quot;)</favourite>
    <favourite name="The Gifted" thumb="http://thetvdb.com/banners/posters/328552-2.jpg">ActivateWindow(10025,&quot;plugin://plugin.video.exodus/?action=seasons&amp;imdb=tt4396630&amp;tvdb=328552&amp;tvshowtitle=The%20Gifted&amp;year=2017&quot;,return)</favourite>
    <favourite name="Marvel&apos;s Daredevil" thumb="http://thetvdb.com/banners/posters/281662-4.jpg">ActivateWindow(10025,&quot;plugin://plugin.video.exodus/?action=seasons&amp;imdb=tt3322312&amp;tvdb=281662&amp;tvshowtitle=Daredevil&amp;year=2015&quot;,return)</favourite>
    <favourite name="Black Sails" thumb="http://thetvdb.com/banners/posters/262407-6.jpg">ActivateWindow(10025,&quot;plugin://plugin.video.exodus/?action=seasons&amp;imdb=tt2375692&amp;tvdb=262407&amp;tvshowtitle=Black%20Sails&amp;year=2014&quot;,return)</favourite>
    <favourite name="Marvel&apos;s Iron Fist" thumb="http://thetvdb.com/banners/posters/317953-10.jpg">ActivateWindow(10025,&quot;plugin://plugin.video.exodus/?action=seasons&amp;imdb=tt3322310&amp;tvdb=317953&amp;tvshowtitle=Iron%20Fist&amp;year=2017&quot;,return)</favourite>
    <favourite name="Timewasters" thumb="http://thetvdb.com/banners/posters/326978-1.jpg">ActivateWindow(10025,&quot;plugin://plugin.video.exodus/?action=seasons&amp;imdb=tt7333970&amp;tvdb=326978&amp;tvshowtitle=Timewasters&amp;year=2017&quot;,return)</favourite>
    <favourite name="Bad Move" thumb="http://thetvdb.com/banners/posters/334688-1.jpg">ActivateWindow(10025,&quot;plugin://plugin.video.exodus/?action=seasons&amp;imdb=tt7387350&amp;tvdb=334688&amp;tvshowtitle=Bad%20Move&amp;year=2017&quot;,return)</favourite>
    <favourite name="Superhigh" thumb="http://thetvdb.com/banners/posters/331988-1.jpg">ActivateWindow(10025,&quot;plugin://plugin.video.exodus/?action=seasons&amp;imdb=tt7142738&amp;tvdb=331988&amp;tvshowtitle=SuperHigh&amp;year=2017&quot;,return)</favourite>
    <favourite name="According to Chrisley" thumb="http://thetvdb.com/banners/posters/334276-1.jpg">ActivateWindow(10025,&quot;plugin://plugin.video.exodus/?action=seasons&amp;imdb=tt7488480&amp;tvdb=334276&amp;tvshowtitle=According%20to%20Chrisley&amp;year=2017&quot;,return)</favourite>
    <favourite name="The End of the F***ing World" thumb="http://thetvdb.com/banners/posters/336522-1.jpg">ActivateWindow(10025,&quot;plugin://plugin.video.covenant/?action=seasons&amp;imdb=tt6257970&amp;tvdb=336522&amp;tvshowtitle=The%20End%20Of%20The%20F%2a%2a%2aing%20World&amp;year=2017&quot;,return)</favourite>
    <favourite name="White Famous" thumb="http://thetvdb.com/banners/posters/333010-1.jpg">ActivateWindow(10025,&quot;plugin://plugin.video.covenant/?action=seasons&amp;imdb=tt5774044&amp;tvdb=333010&amp;tvshowtitle=White%20Famous&amp;year=2017&quot;,return)</favourite>
    <favourite name="Marvel&apos;s Runaways" thumb="http://thetvdb.com/banners/posters/332027-10.jpg">ActivateWindow(10025,&quot;plugin://plugin.video.covenant/?action=seasons&amp;imdb=tt1236246&amp;tvdb=332027&amp;tvshowtitle=Runaways&amp;year=2017&quot;,return)</favourite>
    <favourite name="The Crossing" thumb="http://thetvdb.com/banners/posters/328631-1.jpg">ActivateWindow(10025,&quot;plugin://plugin.video.covenant/?action=seasons&amp;imdb=tt6461824&amp;tvdb=328631&amp;tvshowtitle=The%20Crossing&amp;year=2017&quot;,return)</favourite>
    <favourite name="Living the Dream (2017)" thumb="http://thetvdb.com/banners/posters/336909-2.jpg">ActivateWindow(10025,&quot;plugin://plugin.video.covenant/?action=seasons&amp;imdb=tt7138426&amp;tvdb=336909&amp;tvshowtitle=Living%20the%20Dream&amp;year=2017&quot;,return)</favourite>
    <favourite name="SMILF" thumb="http://thetvdb.com/banners/posters/332898-2.jpg">ActivateWindow(10025,&quot;plugin://plugin.video.covenant/?action=seasons&amp;imdb=tt6274614&amp;tvdb=332898&amp;tvshowtitle=SMILF&amp;year=2017&quot;,return)</favourite>
    <favourite name="Sick Note" thumb="http://thetvdb.com/banners/posters/319127-1.jpg">ActivateWindow(10025,&quot;plugin://plugin.video.covenant/?action=seasons&amp;imdb=tt5770788&amp;tvdb=319127&amp;tvshowtitle=Sick%20Note&amp;year=2017&quot;,return)</favourite>
    <favourite name="There&apos;s... Johnny!" thumb="http://thetvdb.com/banners/posters/328151-1.jpg">ActivateWindow(10025,&quot;plugin://plugin.video.covenant/?action=seasons&amp;imdb=tt6483198&amp;tvdb=328151&amp;tvshowtitle=There%27s...%20Johnny!&amp;year=2017&quot;,return)</favourite>
    <favourite name="The Marvelous Mrs. Maisel" thumb="http://thetvdb.com/banners/posters/326791-3.jpg">ActivateWindow(10025,&quot;plugin://plugin.video.exodus/?action=seasons&amp;imdb=tt5788792&amp;tvdb=326791&amp;tvshowtitle=The%20Marvelous%20Mrs.%20Maisel&amp;year=2017&quot;,return)</favourite>
    <favourite name="Fubar Age of Computer" thumb="http://thetvdb.com/banners/posters/337410-1.jpg">ActivateWindow(10025,&quot;plugin://plugin.video.covenant/?action=seasons&amp;imdb=tt7517330&amp;tvdb=337410&amp;tvshowtitle=Fubar%20Age%20of%20Computer&amp;year=2017&quot;,return)</favourite>
    <favourite name="Bounty Hunters (2017)" thumb="http://thetvdb.com/banners/posters/335802-1.jpg">ActivateWindow(10025,&quot;plugin://plugin.video.covenant/?action=seasons&amp;imdb=tt7350790&amp;tvdb=335802&amp;tvshowtitle=Bounty%20Hunters&amp;year=2017&quot;,return)</favourite>
    <favourite name="Happy!" thumb="http://thetvdb.com/banners/posters/328361-3.jpg">ActivateWindow(10025,&quot;plugin://plugin.video.covenant/?action=seasons&amp;imdb=tt2452242&amp;tvdb=328361&amp;tvshowtitle=Happy!&amp;year=2017&quot;,return)</favourite>
    <favourite name="The Shannara Chronicles" thumb="http://thetvdb.com/banners/posters/289096-11.jpg">ActivateWindow(10025,&quot;plugin://plugin.video.covenant/?action=seasons&amp;imdb=tt1051220&amp;tvdb=289096&amp;tvshowtitle=The%20Shannara%20Chronicles&amp;year=2016&quot;,return)</favourite>
    <favourite name="Travelers (2016)" thumb="http://thetvdb.com/banners/posters/314544-4.jpg">ActivateWindow(10025,&quot;plugin://plugin.video.covenant/?action=seasons&amp;imdb=tt5651844&amp;tvdb=314544&amp;tvshowtitle=Travelers&amp;year=2016&quot;,return)</favourite>
    <favourite name="The Leftovers" thumb="http://thetvdb.com/banners/posters/269689-14.jpg">ActivateWindow(10025,&quot;plugin://plugin.video.covenant/?action=seasons&amp;imdb=tt2699128&amp;tvdb=269689&amp;tvshowtitle=The%20Leftovers&amp;year=2014&quot;,return)</favourite>
    <favourite name="Black Sails" thumb="http://thetvdb.com/banners/posters/262407-6.jpg">ActivateWindow(10025,&quot;plugin://plugin.video.covenant/?action=seasons&amp;imdb=tt2375692&amp;tvdb=262407&amp;tvshowtitle=Black%20Sails&amp;year=2014&quot;,return)</favourite>
    <favourite name="American Vandal" thumb="http://thetvdb.com/banners/posters/332828-4.jpg">ActivateWindow(10025,&quot;plugin://plugin.video.covenant/?action=seasons&amp;imdb=tt6877772&amp;tvdb=332828&amp;tvshowtitle=American%20Vandal&amp;year=2017&quot;,return)</favourite>
    <favourite name="Vice Principals" thumb="http://thetvdb.com/banners/posters/308771-7.jpg">ActivateWindow(10025,&quot;plugin://plugin.video.covenant/?action=seasons&amp;imdb=tt3766376&amp;tvdb=308771&amp;tvshowtitle=Vice%20Principals&amp;year=2016&quot;,return)</favourite>
    <favourite name="No Activity (US)" thumb="http://thetvdb.com/banners/posters/335840-1.jpg">ActivateWindow(10025,&quot;plugin://plugin.video.covenant/?action=seasons&amp;imdb=tt7230846&amp;tvdb=335840&amp;tvshowtitle=No%20Activity&amp;year=2017&quot;,return)</favourite>
    <favourite name="The Deuce" thumb="http://thetvdb.com/banners/posters/317728-5.jpg">ActivateWindow(10025,&quot;plugin://plugin.video.covenant/?action=seasons&amp;imdb=tt4998350&amp;tvdb=317728&amp;tvshowtitle=The%20Deuce&amp;year=2017&quot;,return)</favourite>
    <favourite name="The Brave" thumb="http://thetvdb.com/banners/posters/328517-4.jpg">ActivateWindow(10025,&quot;plugin://plugin.video.covenant/?action=seasons&amp;imdb=tt6461736&amp;tvdb=328517&amp;tvshowtitle=The%20Brave&amp;year=2017&quot;,return)</favourite>
    <favourite name="The Mick" thumb="http://thetvdb.com/banners/posters/311818-2.jpg">ActivateWindow(10025,&quot;plugin://plugin.video.covenant/?action=seasons&amp;imdb=tt5638056&amp;tvdb=311818&amp;tvshowtitle=The%20Mick&amp;year=2017&quot;,return)</favourite>
    <favourite name="Halt and Catch Fire" thumb="http://thetvdb.com/banners/posters/271910-9.jpg">ActivateWindow(10025,&quot;plugin://plugin.video.covenant/?action=seasons&amp;imdb=tt2543312&amp;tvdb=271910&amp;tvshowtitle=Halt%20and%20Catch%20Fire&amp;year=2014&quot;,return)</favourite>
    <favourite name="Berlin Station" thumb="http://thetvdb.com/banners/posters/314995-3.jpg">ActivateWindow(10025,&quot;plugin://plugin.video.covenant/?action=seasons&amp;imdb=tt5191110&amp;tvdb=314995&amp;tvshowtitle=Berlin%20Station&amp;year=2016&quot;,return)</favourite>
    <favourite name="Teachers (2016)" thumb="http://thetvdb.com/banners/posters/300714-4.jpg">ActivateWindow(10025,&quot;plugin://plugin.video.covenant/?action=seasons&amp;imdb=tt3975368&amp;tvdb=300714&amp;tvshowtitle=Teachers&amp;year=2016&quot;,return)</favourite>
    <favourite name="P. E. Teacher" thumb="http://thetvdb.com/banners/posters/280441-4.jpg">ActivateWindow(10025,&quot;plugin://plugin.video.covenant/?action=seasons&amp;imdb=tt3656076&amp;tvdb=280441&amp;tvshowtitle=P.%20E.%20Teacher&amp;year=2014&quot;,return)</favourite>
    <favourite name="Bering Sea Gold" thumb="http://thetvdb.com/banners/posters/254203-2.jpg">ActivateWindow(10025,&quot;plugin://plugin.video.covenant/?action=seasons&amp;imdb=tt2182427&amp;tvdb=254203&amp;tvshowtitle=Bering%20Sea%20Gold&amp;year=2012&quot;,return)</favourite>
    <favourite name="Black Lightning" thumb="http://thetvdb.com/banners/posters/332525-4.jpg">ActivateWindow(10025,&quot;plugin://plugin.video.covenant/?action=seasons&amp;imdb=tt6045840&amp;tvdb=332525&amp;tvshowtitle=Black%20Lightning&amp;year=2018&quot;,return)</favourite>
    <favourite name="Gold Rush: White Water" thumb="http://thetvdb.com/banners/posters/339227-1.jpg">ActivateWindow(10025,&quot;plugin://plugin.video.covenant/?action=seasons&amp;imdb=tt7749176&amp;tvdb=339227&amp;tvshowtitle=Gold%20Rush%3a%20White%20Water&amp;year=2018&quot;,return)</favourite>
    <favourite name="Falling Water" thumb="http://thetvdb.com/banners/posters/311917-5.jpg">ActivateWindow(10025,&quot;plugin://plugin.video.exodus/?action=seasons&amp;imdb=tt4520992&amp;tvdb=311917&amp;tvshowtitle=Falling%20Water&amp;year=2016&quot;,return)</favourite>
    <favourite name="We Were Tomorrow" thumb="http://thetvdb.com/banners/posters/339369-1.jpg">ActivateWindow(10025,&quot;plugin://plugin.video.exodus/?action=seasons&amp;imdb=tt4814980&amp;tvdb=339369&amp;tvshowtitle=We%20Were%20Tomorrow&amp;year=2017&quot;,return)</favourite>
    <favourite name="The Bureau of Magical Things" thumb="/storage/.kodi/addons/script.exodus.artwork/resources/media/exodus/poster.png">ActivateWindow(10025,&quot;plugin://plugin.video.exodus/?action=seasons&amp;imdb=tt&amp;tvdb=337787&amp;tvshowtitle=The%20Bureau%20of%20Magical%20Things&amp;year=2018&quot;,return)</favourite>
    <favourite name="The New Legends of Monkey" thumb="/storage/.kodi/addons/script.exodus.artwork/resources/media/exodus/poster.png">ActivateWindow(10025,&quot;plugin://plugin.video.exodus/?action=seasons&amp;imdb=tt6807662&amp;tvdb=340509&amp;tvshowtitle=The%20New%20Legends%20of%20Monkey&amp;year=2018&quot;,return)</favourite>
    <favourite name="Wanted (2016)" thumb="http://thetvdb.com/banners/posters/304591-1.jpg">ActivateWindow(10025,&quot;plugin://plugin.video.exodus/?action=seasons&amp;imdb=tt5193358&amp;tvdb=304591&amp;tvshowtitle=Wanted&amp;year=2016&quot;,return)</favourite>
    <favourite name="Counterpart" thumb="http://thetvdb.com/banners/posters/337302-4.jpg">ActivateWindow(10025,&quot;plugin://plugin.video.covenant/?action=seasons&amp;imdb=tt4643084&amp;tvdb=337302&amp;tvshowtitle=Counterpart&amp;year=2018&quot;,return)</favourite>
    <favourite name="Altered Carbon" thumb="http://thetvdb.com/banners/posters/332331-8.jpg">ActivateWindow(10025,&quot;plugin://plugin.video.exodus/?action=seasons&amp;imdb=tt2261227&amp;tvdb=332331&amp;tvshowtitle=Altered%20Carbon&amp;year=2018&quot;,return)</favourite>
    <favourite name="Stargate Origins" thumb="http://thetvdb.com/banners/posters/339552-3.jpg">ActivateWindow(10025,&quot;plugin://plugin.video.exodus/?action=seasons&amp;imdb=tt7161862&amp;tvdb=339552&amp;tvshowtitle=Stargate%20Origins&amp;year=2018&quot;,return)</favourite>
    <favourite name="Everything Sucks!" thumb="http://thetvdb.com/banners/posters/341282-2.jpg">ActivateWindow(10025,&quot;plugin://plugin.video.exodus/?action=seasons&amp;imdb=tt7078710&amp;tvdb=341282&amp;tvshowtitle=Everything%20Sucks!&amp;year=2018&quot;,return)</favourite>
    <favourite name="Corporate" thumb="http://thetvdb.com/banners/posters/339137-2.jpg">ActivateWindow(10025,&quot;plugin://plugin.video.exodus/?action=seasons&amp;imdb=tt5648202&amp;tvdb=339137&amp;tvshowtitle=Corporate&amp;year=2018&quot;,return)</favourite>
    <favourite name="Age of the Living Dead" thumb="http://thetvdb.com/banners/posters/341230-1.jpg">ActivateWindow(10025,&quot;plugin://plugin.video.exodus/?action=seasons&amp;imdb=tt5338744&amp;tvdb=341230&amp;tvshowtitle=Age%20of%20the%20Living%20Dead&amp;year=2018&quot;,return)</favourite>
    <favourite name="Street Outlaws: No Prep Kings" thumb="http://thetvdb.com/banners/posters/341695-1.jpg">ActivateWindow(10025,&quot;plugin://plugin.video.exodus/?action=seasons&amp;imdb=0&amp;tvdb=341695&amp;tvshowtitle=Street%20Outlaws%3a%20No%20Prep%20Kings&amp;year=2018&quot;,return)</favourite>
    <favourite name="Hard Sun" thumb="http://thetvdb.com/banners/posters/333402-2.jpg">ActivateWindow(10025,&quot;plugin://plugin.video.exodus/?action=seasons&amp;imdb=tt6402362&amp;tvdb=333402&amp;tvshowtitle=Hard%20Sun&amp;year=2018&quot;,return)</favourite>
    <favourite name="Fastlane" thumb="http://thetvdb.com/banners/posters/78807-1.jpg">ActivateWindow(10025,&quot;plugin://plugin.video.covenant/?action=seasons&amp;imdb=tt0320000&amp;tvdb=78807&amp;tvshowtitle=Fastlane&amp;year=2002&quot;,return)</favourite>
    <favourite name="Killing Eve" thumb="http://thetvdb.com/banners/posters/340959-1.jpg">ActivateWindow(10025,&quot;plugin://plugin.video.exodus/?action=seasons&amp;imdb=tt7016936&amp;tvdb=340959&amp;tvshowtitle=Killing%20Eve&amp;year=2018&quot;,return)</favourite>
    <favourite name="Lost in Space (2018)" thumb="http://thetvdb.com/banners/posters/343253-3.jpg">ActivateWindow(10025,&quot;plugin://plugin.video.exodus/?action=seasons&amp;imdb=tt5232792&amp;tvdb=343253&amp;tvshowtitle=Lost%20in%20Space&amp;year=2018&quot;,return)</favourite>
    <favourite name="Ready Player One (2018)" thumb="https://image.tmdb.org/t/p/w300/e7VuH4ZfLwVMgwyoX4zjFPBhK0I.jpg">PlayMedia(&quot;plugin://plugin.video.exodus/?action=play&amp;title=Ready+Player+One&amp;year=2018&amp;imdb=tt1677720&amp;meta=%7B%22rating%22%3A+8.1529100000000003%2C+%22tmdb%22%3A+%22333339%22%2C+%22imdbnumber%22%3A+%22tt1677720%22%2C+%22poster%22%3A+%22https%3A%2F%2Fimage.tmdb.org%2Ft%2Fp%2Fw300%2Fe7VuH4ZfLwVMgwyoX4zjFPBhK0I.jpg%22%2C+%22mediatype%22%3A+%22movie%22%2C+%22imdb_id%22%3A+%22tt1677720%22%2C+%22director%22%3A+%22Steven+Spielberg%22%2C+%22genre%22%3A+%22Science-Fiction+%2F+Adventure+%2F+Action%22%2C+%22code%22%3A+%22tt1677720%22%2C+%22imdb%22%3A+%22tt1677720%22%2C+%22year%22%3A+%222018%22%2C+%22duration%22%3A+%228400%22%2C+%22poster3%22%3A+%22https%3A%2F%2Fimage.tmdb.org%2Ft%2Fp%2Fw300%2Fe7VuH4ZfLwVMgwyoX4zjFPBhK0I.jpg%22%2C+%22metacache%22%3A+true%2C+%22plot%22%3A+%22When+the+creator+of+a+popular+video+game+system+dies%2C+a+virtual+contest+is+created+to+compete+for+his+fortune.%22%2C+%22votes%22%3A+%22327%22%2C+%22tmdb_id%22%3A+%22333339%22%2C+%22title%22%3A+%22Ready+Player+One%22%2C+%22tagline%22%3A+%22A+better+reality+awaits.%22%2C+%22writer%22%3A+%22Zak+Penn%2C+Ernest+Cline%2C+Eric+Eason%22%2C+%22premiered%22%3A+%222018-03-29%22%2C+%22next%22%3A+%22http%3A%2F%2Fwww.imdb.com%2Fsearch%2Ftitle%3Ftitle_type%3Dfeature%26num_votes%3D1000%2C%26release_date%3D2017-04-22%2C2018-04-22%26sort%3Drelease_date_us%2Cdesc%26count%3D40%26start%3D1%26page%3D2%26ref_%3Dadv_nxt%22%2C+%22originaltitle%22%3A+%22Ready+Player+One%22%2C+%22cast%22%3A+%5B%5B%22Tye+Sheridan%22%2C+%22Wade+Watts+%2F+Parzival%22%5D%2C+%5B%22Olivia+Cooke%22%2C+%22Samantha+Cook+%2F+Art3mis%22%5D%2C+%5B%22Ben+Mendelsohn%22%2C+%22Nolan+Sorrento%22%5D%2C+%5B%22Lena+Waithe%22%2C+%22Helen+%2F+Aech%22%5D%2C+%5B%22T.J.+Miller%22%2C+%22i-R0k%22%5D%2C+%5B%22Simon+Pegg%22%2C+%22Ogden+Morrow+%2F+The+Curator%22%5D%2C+%5B%22Mark+Rylance%22%2C+%22James+Donovan+Halliday+%2F+Anorak%22%5D%2C+%5B%22Philip+Zhao%22%2C+%22Akihide+Karatsu+%2F+Sho%22%5D%2C+%5B%22Win+Morisaki%22%2C+%22Toshiro+Yoshiaki+%2F+Daito%22%5D%2C+%5B%22Hannah+John-Kamen%22%2C+%22F%27Nale+Zandor%22%5D%2C+%5B%22Ralph+Ineson%22%2C+%22Rick%22%5D%2C+%5B%22Susan+Lynch%22%2C+%22Alice%22%5D%2C+%5B%22Clare+Higgins%22%2C+%22Mrs.+Gilmore%22%5D%2C+%5B%22Perdita+Weeks%22%2C+%22Kira%22%5D%2C+%5B%22Cara+Pifko%22%2C+%22Leslee%22%5D%2C+%5B%22Vic+Chao%22%2C+%22Goro%22%5D%2C+%5B%22Cara+Theobold%22%2C+%22Tracer%22%5D%2C+%5B%22Isaac+Andrews%22%2C+%22Young+Halliday%22%5D%2C+%5B%22Joel+MacCormack%22%2C+%22Sixer+%236655%22%5D%2C+%5B%22Kit+Connor%22%2C+%22Reb+Kid%22%5D%2C+%5B%22Leo+Heller%22%2C+%22Reb+Kid%22%5D%2C+%5B%22Antonio+Mattera%22%2C+%22Reb+Kid%22%5D%2C+%5B%22Ronke+Adekoluejo%22%2C+%22Sorrento%27s+Assistant%22%5D%2C+%5B%22Lynne+Wilmot%22%2C+%22Pole+Dancer%22%5D%2C+%5B%22Letitia+Wright%22%2C+%22Reb+%28Safe+House%29%22%5D%2C+%5B%22Kae+Alexander%22%2C+%22Reb+%28Safe+House%29%22%5D%2C+%5B%22Michael+Wildman%22%2C+%22Sixer+Drill+Instructor%22%5D%2C+%5B%22Lulu+Wilson%22%2C+%22Elementary+Kid%22%5D%2C+%5B%22Adolfo+%5Cu00c1lvarez%22%2C+%22Elementary+Kid%22%5D%2C+%5B%22Alonso+Alvarez%22%2C+%22Elementary+Kid%22%5D%2C+%5B%22Jadah+Marie%22%2C+%22Elementary+Kid%22%5D%2C+%5B%22Mckenna+Grace%22%2C+%22Elementary+Kid%22%5D%2C+%5B%22Arianna+Jaffier%22%2C+%22High+School+Kid%22%5D%2C+%5B%22Armani+Jackson%22%2C+%22High+School+Kid%22%5D%2C+%5B%22Britain+Dalton%22%2C+%22High+School+Kid%22%5D%2C+%5B%22Jacob+Bertrand%22%2C+%22High+School+Kid%22%5D%2C+%5B%22Daniel+Zolghadri%22%2C+%22High+School+Kid%22%5D%2C+%5B%22Julia+Nickson%22%2C+%22JN%2FCommuter%22%5D%2C+%5B%22Kiera+Bell%22%2C+%22IOI+Staff%22%5D%2C+%5B%22William+Gross%22%2C+%22Ten-Year+Old+Kid%22%5D%2C+%5B%22Gareth+Mason%22%2C+%22Chubby+Guy%22%5D%5D%2C+%22mpaa%22%3A+%22PG-13%22%2C+%22trailer%22%3A+%22plugin%3A%2F%2Fplugin.video.exodus%2F%3Faction%3Dtrailer%26name%3DReady%2BPlayer%2BOne%2B%25282018%2529%22%2C+%22fanart2%22%3A+%22https%3A%2F%2Fimage.tmdb.org%2Ft%2Fp%2Fw1280%2FN4JAWA8rwd9tAyWt7m5pV3H6Mi.jpg%22%7D&amp;t=20180422155449923946&quot;)</favourite>
    <favourite name="Den of Thieves (2018)" thumb="https://ia.media-imdb.com/images/M/MV5BMzYyODcwMDAyM15BMl5BanBnXkFtZTgwOTA4MjIwNDI@._V1_SX500.jpg">PlayMedia(&quot;plugin://plugin.video.exodus/?action=play&amp;title=Den+of+Thieves&amp;year=2018&amp;imdb=tt1259528&amp;meta=%7B%22rating%22%3A+7.5635300000000001%2C+%22tmdb%22%3A+%22449443%22%2C+%22imdbnumber%22%3A+%22tt1259528%22%2C+%22poster%22%3A+%22https%3A%2F%2Fia.media-imdb.com%2Fimages%2FM%2FMV5BMzYyODcwMDAyM15BMl5BanBnXkFtZTgwOTA4MjIwNDI%40._V1_SX500.jpg%22%2C+%22mediatype%22%3A+%22movie%22%2C+%22imdb_id%22%3A+%22tt1259528%22%2C+%22director%22%3A+%22Christian+Gudegast%22%2C+%22genre%22%3A+%22Crime+%2F+Thriller+%2F+Action%22%2C+%22code%22%3A+%22tt1259528%22%2C+%22imdb%22%3A+%22tt1259528%22%2C+%22year%22%3A+%222018%22%2C+%22duration%22%3A+%228400%22%2C+%22metacache%22%3A+true%2C+%22plot%22%3A+%22While+planning+a+bank+heist%2C+a+thief+gets+trapped+between+two+sets+of+criminals.%22%2C+%22votes%22%3A+%222%2C133%22%2C+%22tmdb_id%22%3A+%22449443%22%2C+%22title%22%3A+%22Den+of+Thieves%22%2C+%22tagline%22%3A+%22You%5Cu2019re+not+the+bad+guys.+We+are.%22%2C+%22writer%22%3A+%22Christian+Gudegast%22%2C+%22premiered%22%3A+%222018-01-19%22%2C+%22next%22%3A+%22http%3A%2F%2Fwww.imdb.com%2Fsearch%2Ftitle%3Ftitle_type%3Dfeature%26num_votes%3D1000%2C%26release_date%3D2017-04-22%2C2018-04-22%26sort%3Drelease_date_us%2Cdesc%26count%3D40%26start%3D1%26page%3D2%26ref_%3Dadv_nxt%22%2C+%22originaltitle%22%3A+%22Den+of+Thieves%22%2C+%22cast%22%3A+%5B%5B%22Gerard+Butler%22%2C+%22Nick+Flanagan%22%5D%2C+%5B%22Pablo+Schreiber%22%2C+%22Merrimen%22%5D%2C+%5B%22Dawn+Olivieri%22%2C+%22Debbie%22%5D%2C+%5B%22O%27Shea+Jackson+Jr.%22%2C+%22Donnie%22%5D%2C+%5B%2250+Cent%22%2C+%22Levi+Enson%22%5D%2C+%5B%22Evan+Jones%22%2C+%22Bosco%22%5D%2C+%5B%22Cooper+Andrews%22%2C+%22Mack%22%5D%2C+%5B%22Maurice+Compte%22%2C+%22Borracho%22%5D%2C+%5B%22Kaiwi+Lyman%22%2C+%22Tony+Z+Zapata%22%5D%2C+%5B%22Mo+McRae%22%2C+%22Gus+Henderson%22%5D%2C+%5B%22Meadow+Williams%22%2C+%22Holly%22%5D%2C+%5B%22Eric+Braeden%22%2C+%22Ziggy+Zerhusen%22%5D%2C+%5B%22Brian+Van+Holt%22%2C+%22Murph%22%5D%2C+%5B%22Max+Holloway%22%2C+%22Bas%22%5D%2C+%5B%22Jay+Dobyns%22%2C+%22Wolfgang%22%5D%2C+%5B%22Steve+Eifert%22%2C+%22Bank+hostage%22%5D%5D%2C+%22mpaa%22%3A+%22R%22%2C+%22trailer%22%3A+%22plugin%3A%2F%2Fplugin.video.exodus%2F%3Faction%3Dtrailer%26name%3DDen%2Bof%2BThieves%2B%25282018%2529%22%7D&amp;t=20180422155449923946&quot;)</favourite>
    <favourite name="Game Over, Man! (2018)" thumb="https://ia.media-imdb.com/images/M/MV5BMTUxNjI4MDU2OF5BMl5BanBnXkFtZTgwMDAzMzA1NDM@._V1_SX500.jpg">PlayMedia(&quot;plugin://plugin.video.exodus/?action=play&amp;title=Game+Over%2C+Man%21&amp;year=2018&amp;imdb=tt3317234&amp;meta=%7B%22rating%22%3A+5.97105%2C+%22tmdb%22%3A+%22456750%22%2C+%22imdbnumber%22%3A+%22tt3317234%22%2C+%22poster%22%3A+%22https%3A%2F%2Fia.media-imdb.com%2Fimages%2FM%2FMV5BMTUxNjI4MDU2OF5BMl5BanBnXkFtZTgwMDAzMzA1NDM%40._V1_SX500.jpg%22%2C+%22mediatype%22%3A+%22movie%22%2C+%22imdb_id%22%3A+%22tt3317234%22%2C+%22director%22%3A+%22Kyle+Newacheck%22%2C+%22genre%22%3A+%22Action+%2F+Comedy%22%2C+%22code%22%3A+%22tt3317234%22%2C+%22imdb%22%3A+%22tt3317234%22%2C+%22year%22%3A+%222018%22%2C+%22duration%22%3A+%226060%22%2C+%22metacache%22%3A+true%2C+%22plot%22%3A+%22Three+friends+are+on+the+verge+of+getting+their+video+game+financed+when+their+benefactor+is+taken+hostage+by+terrorists.%22%2C+%22votes%22%3A+%22380%22%2C+%22tmdb_id%22%3A+%22456750%22%2C+%22title%22%3A+%22Game+Over%2C+Man%21%22%2C+%22tagline%22%3A+%22%22%2C+%22writer%22%3A+%22Anders+Holm%22%2C+%22premiered%22%3A+%222018-03-23%22%2C+%22next%22%3A+%22http%3A%2F%2Fwww.imdb.com%2Fsearch%2Ftitle%3Ftitle_type%3Dfeature%26num_votes%3D1000%2C%26release_date%3D2017-04-22%2C2018-04-22%26sort%3Drelease_date_us%2Cdesc%26count%3D40%26start%3D1%26page%3D2%26ref_%3Dadv_nxt%22%2C+%22originaltitle%22%3A+%22Game+Over%2C+Man%21%22%2C+%22cast%22%3A+%5B%5B%22Adam+Devine%22%2C+%22Alexxx%22%5D%2C+%5B%22Anders+Holm%22%2C+%22Darren%22%5D%2C+%5B%22Blake+Anderson%22%2C+%22Joel%22%5D%2C+%5B%22Jere+Burns%22%2C+%22Mr.+Duncan%22%5D%2C+%5B%22Lochlyn+Munro%22%2C+%22Alexxx%27s+Dad%22%5D%2C+%5B%22Sugar+Lyn+Beard%22%2C+%22Sugar+Lyn+Beard%22%5D%2C+%5B%22Neal+McDonough%22%2C+%22Conrad+Drothers%22%5D%2C+%5B%22Aya+Cash%22%2C+%22Cassie%22%5D%2C+%5B%22Cloris+Leachman%22%2C+%22Arvilla+Kingle%22%5D%2C+%5B%22Chloe+Bridges%22%2C+%22Diana%22%5D%2C+%5B%22Emily+Maddison%22%2C+%22Hottie%22%5D%2C+%5B%22Geno+Segers%22%2C+%22Sal%22%5D%2C+%5B%22Sam+Richardson%22%2C+%22Donald%22%5D%2C+%5B%22Liz+Katz%22%2C+%22Girl+at+Party%22%5D%2C+%5B%22Mac+Brandt%22%2C+%22Jared%22%5D%2C+%5B%22Celeste+Ziegler%22%2C+%22Hottie+%231%22%5D%2C+%5B%22Natasha+Key%22%2C+%22Ashley%22%5D%2C+%5B%22Christie-Lee+Britten%22%2C+%22Hostage%22%5D%2C+%5B%22Jamie+Demetriou%22%2C+%22Mr.+Ahmad%22%5D%2C+%5B%22Lia+Lam%22%2C+%22Hottie+%233%22%5D%2C+%5B%22Caroline+Rich%22%2C+%22Gail+Wallens%22%5D%2C+%5B%22Byron+Bertram%22%2C+%22Paul+Goon%22%5D%2C+%5B%22Lauren+McGibbon%22%2C+%22Pedestrian+%231%22%5D%2C+%5B%22Brad+Kelly%22%2C+%22Gavin%22%5D%2C+%5B%22Andy+Nez%22%2C+%22Husky+Guard%22%5D%2C+%5B%22Airforce+Amy%22%2C+%22Alexxx%27s+Mother%22%5D%2C+%5B%22Rhona+Mitra%22%2C+%22Erma%22%5D%2C+%5B%22Fred+Armisen%22%2C+%22Himself%22%5D%2C+%5B%22Jillian+Bell%22%2C+%22Embarrassed+Girl%22%5D%2C+%5B%22Shaggy%22%2C+%22Himself%22%5D%2C+%5B%22Donald+Faison%22%2C+%22Himself%22%5D%2C+%5B%22Steve-O%22%2C+%22Himself%22%5D%2C+%5B%22Chris+Pontius%22%2C+%22Himself%22%5D%2C+%5B%22Mark+Cuban%22%2C+%22Himself%22%5D%2C+%5B%22Steve+Howey%22%2C+%22Rich%22%5D%2C+%5B%22Joel+McHale%22%2C+%22Himself%22%5D%2C+%5B%22Jon+Gabrus%22%2C+%22Husky+Hostage%22%5D%2C+%5B%22Adam+Ray%22%2C+%22Officer+Dan%22%5D%2C+%5B%22Andrew+Santino%22%2C+%22Officer+Hank%22%5D%2C+%5B%22William+B.+Davis%22%2C+%22Ray+-+Security%22%5D%2C+%5B%22Andrew+Bachelor%22%2C+%22Stud%22%5D%2C+%5B%22Daniel+Stern%22%2C+%22Mitch%22%5D%2C+%5B%22Roe+Hartrampf%22%2C+%22Alan%22%5D%2C+%5B%22Garfield+Wilson%22%2C+%22Warren%22%5D%2C+%5B%22Ryan+Jefferson+Booth%22%2C+%22Dexter%22%5D%2C+%5B%22Leo+Chiang%22%2C+%22Geo%22%5D%2C+%5B%22William+%27Big+Sleeps%27+Stewart%22%2C+%22Rodge%22%5D%2C+%5B%22Robert+Maillet%22%2C+%22Chet%22%5D%2C+%5B%22Byron+Bertram%22%2C+%22Paul%22%5D%2C+%5B%22Flying+Lotus%22%2C+%22Hostage+Steve+%2F+DJ+Flying+Lotus%22%5D%2C+%5B%22Action+Bronson%22%2C+%22Action+Bronson%22%5D%2C+%5B%22Utkarsh+Ambudkar%22%2C+%22Bae+Awadi%22%5D%2C+%5B%22Andrew+Creightney%22%2C+%22Lanky+Guard%22%5D%2C+%5B%22Bobby+Stewart%22%2C+%22Commissioner%22%5D%2C+%5B%22Shanel+Pratap%22%2C+%22Reporter%22%5D%5D%2C+%22mpaa%22%3A+%22NR%22%2C+%22trailer%22%3A+%22plugin%3A%2F%2Fplugin.video.exodus%2F%3Faction%3Dtrailer%26name%3DGame%2BOver%252C%2BMan%2521%2B%25282018%2529%22%7D&amp;t=20180422155449923946&quot;)</favourite>
    <favourite name="Blade Runner 2049 (2017)" thumb="https://image.tmdb.org/t/p/w300/75a2iocESDbX2m1J4wAW6764eMl.jpg">PlayMedia(&quot;plugin://plugin.video.exodus/?action=play&amp;title=Blade+Runner+2049&amp;year=2017&amp;imdb=tt1856101&amp;meta=%7B%22rating%22%3A+7.6442100000000002%2C+%22tmdb%22%3A+%22335984%22%2C+%22imdbnumber%22%3A+%22tt1856101%22%2C+%22poster%22%3A+%22https%3A%2F%2Fimage.tmdb.org%2Ft%2Fp%2Fw300%2F75a2iocESDbX2m1J4wAW6764eMl.jpg%22%2C+%22mediatype%22%3A+%22movie%22%2C+%22imdb_id%22%3A+%22tt1856101%22%2C+%22director%22%3A+%22Denis+Villeneuve%22%2C+%22genre%22%3A+%22Science-Fiction+%2F+Mystery+%2F+Thriller%22%2C+%22code%22%3A+%22tt1856101%22%2C+%22imdb%22%3A+%22tt1856101%22%2C+%22year%22%3A+%222017%22%2C+%22duration%22%3A+%229840%22%2C+%22poster3%22%3A+%22https%3A%2F%2Fimage.tmdb.org%2Ft%2Fp%2Fw300%2F75a2iocESDbX2m1J4wAW6764eMl.jpg%22%2C+%22metacache%22%3A+true%2C+%22plot%22%3A+%22Thirty+years+after+the+events+of+the+first+film%2C+a+new+blade+runner%2C+LAPD+Officer+K%2C+unearths+a+long-buried+secret+that+has+the+potential+to+plunge+what%27s+left+of+society+into+chaos.+K%27s+discovery+leads+him+on+a+quest+to+find+Rick+Deckard%2C+a+former+LAPD+blade+runner+who+has+been+missing+for+30+years.%22%2C+%22votes%22%3A+%2213%2C480%22%2C+%22tmdb_id%22%3A+%22335984%22%2C+%22title%22%3A+%22Blade+Runner+2049%22%2C+%22tagline%22%3A+%22There%27s+still+a+page+left.%22%2C+%22writer%22%3A+%22Michael+Green%2C+Hampton+Fancher%22%2C+%22premiered%22%3A+%222017-10-06%22%2C+%22next%22%3A+%22http%3A%2F%2Fwww.imdb.com%2Fsearch%2Ftitle%3Ftitle_type%3Dfeature%26num_votes%3D1000%2C%26release_date%3D2017-04-22%2C2018-04-22%26sort%3Drelease_date_us%2Cdesc%26count%3D40%26start%3D1%26page%3D2%26ref_%3Dadv_nxt%22%2C+%22originaltitle%22%3A+%22Blade+Runner+2049%22%2C+%22cast%22%3A+%5B%5B%22Ryan+Gosling%22%2C+%22K%22%5D%2C+%5B%22Harrison+Ford%22%2C+%22Rick+Deckard%22%5D%2C+%5B%22Ana+de+Armas%22%2C+%22Joi%22%5D%2C+%5B%22Robin+Wright%22%2C+%22Lt.+Joshi%22%5D%2C+%5B%22Jared+Leto%22%2C+%22Niander+Wallace%22%5D%2C+%5B%22Sylvia+Hoeks%22%2C+%22Luv%22%5D%2C+%5B%22Mackenzie+Davis%22%2C+%22Mariette%22%5D%2C+%5B%22Carla+Juri%22%2C+%22Dr.+Ana+Stelline%22%5D%2C+%5B%22Lennie+James%22%2C+%22Mister+Cotton%22%5D%2C+%5B%22Dave+Bautista%22%2C+%22Sapper+Morton%22%5D%2C+%5B%22David+Dastmalchian%22%2C+%22Coco%22%5D%2C+%5B%22Barkhad+Abdi%22%2C+%22Doc+Badger%22%5D%2C+%5B%22Hiam+Abbass%22%2C+%22Freysa%22%5D%2C+%5B%22Wood+Harris%22%2C+%22Nandez%22%5D%2C+%5B%22Edward+James+Olmos%22%2C+%22Gaff%22%5D%2C+%5B%22T%5Cu00f3mas+Lemarquis%22%2C+%22File+Clerk%22%5D%2C+%5B%22Sallie+Harmsen%22%2C+%22Replicant%22%5D%2C+%5B%22Sean+Young%22%2C+%22Rachael%22%5D%2C+%5B%22Loren+Peta%22%2C+%22Rachel+double%22%5D%2C+%5B%22Mark+Arnold%22%2C+%22Interviewer%22%5D%2C+%5B%22Krista+Kosonen%22%2C+%22Doxie+%232%22%5D%2C+%5B%22Elarica+Johnson%22%2C+%22Doxie+%233%22%5D%2C+%5B%22Kingston+Taylor%22%2C+%22Boy+with+One+Ear%22%5D%2C+%5B%22David+Benson%22%2C+%22Liberace+Look-A-Like%22%5D%2C+%5B%22Ben+Thompson%22%2C+%22Elvis+Look-A-Like%22%5D%2C+%5B%22Suzie+Kennedy%22%2C+%22Marilyn+Look-A-Like%22%5D%2C+%5B%22Stephen+Triffitt%22%2C+%22Sinatra+Look-A-Like%22%5D%2C+%5B%22Ellie+Wright%22%2C+%22Little+Ellie%22%5D%5D%2C+%22mpaa%22%3A+%22R%22%2C+%22trailer%22%3A+%22plugin%3A%2F%2Fplugin.video.exodus%2F%3Faction%3Dtrailer%26name%3DBlade%2BRunner%2B2049%2B%25282017%2529%22%2C+%22fanart2%22%3A+%22https%3A%2F%2Fimage.tmdb.org%2Ft%2Fp%2Fw1280%2FonNmO8Dw9QwDOi2AV7ehpnQFhGx.jpg%22%7D&amp;t=20180422155449923946&quot;)</favourite>
    <favourite name="Siren (2018)" thumb="http://thetvdb.com/banners/posters/335982-4.jpg">ActivateWindow(10025,&quot;plugin://plugin.video.incursion/?action=seasons&amp;imdb=tt5615700&amp;tvdb=335982&amp;tvshowtitle=Siren&amp;year=2018&quot;,return)</favourite>
    <favourite name="Ninjak vs the Valiant Universe" thumb="http://thetvdb.com/banners/posters/345666-1.jpg">ActivateWindow(10025,&quot;plugin://plugin.video.exodus/?action=seasons&amp;imdb=tt6060586&amp;tvdb=345666&amp;tvshowtitle=Ninjak%20vs%20the%20Valiant%20Universe&amp;year=2018&quot;,return)</favourite>
    <favourite name="Marvel&apos;s Cloak &amp; Dagger" thumb="http://thetvdb.com/banners/posters/341455-4.jpg">ActivateWindow(10025,&quot;plugin://plugin.video.exodus/?action=seasons&amp;imdb=tt5614844&amp;tvdb=341455&amp;tvshowtitle=Cloak%20%26%20Dagger&amp;year=2018&quot;,return)</favourite>
    <favourite name="Barry" thumb="http://thetvdb.com/banners/posters/333072-3.jpg">ActivateWindow(10025,&quot;plugin://plugin.video.exodus/?action=seasons&amp;imdb=tt5348176&amp;tvdb=333072&amp;tvshowtitle=Barry&amp;year=2018&quot;,return)</favourite>
    <favourite name="Atropa" thumb="http://thetvdb.com/banners/posters/344640-1.jpg">ActivateWindow(10025,&quot;plugin://plugin.video.exodus/?action=seasons&amp;imdb=tt8116200&amp;tvdb=344640&amp;tvshowtitle=Atropa&amp;year=2018&quot;,return)</favourite>
    <favourite name="Godzilla Monster Planet" thumb="https://images-na.ssl-images-amazon.com/images/M/MV5BODhiZDk1Y2MtYjBjMy00NGJlLWJkMjEtZTMzZjliOTM1MzFhL2ltYWdlL2ltYWdlXkEyXkFqcGdeQXVyNjgyNTMzMDk@._V1_SY1000_CR0,0,645,1000_AL_.jpg">PlayMedia(&quot;plugin://plugin.video.MaverickTV/?url=https%3A%2F%2Fstreamango.com%2Ff%2Fnkftrbmrlfcocrtl%2FGodzilla_monster_planet_2017_ENG_1080pHD_mkv_mp4&amp;mode=19&quot;)</favourite>
    <favourite name="Game Of Thrones Conquest And Rebellion HD" thumb="https://i.imgur.com/WxHnZqW.jpg">PlayMedia(&quot;plugin://plugin.video.MaverickTV/?url=https%3A%2F%2Fstreamango.com%2Ff%2Fctadbtqkmdmfqoob%2Fgame_of_thrones_conquest_and_rebellion_2017_720p_BR_mp4&amp;mode=19&quot;)</favourite>
    <favourite name="The Con is On" thumb="http://image.tmdb.org/t/p/w500/xboITqlUSsua6BRrWuOGyFkOg5Z.jpg">PlayMedia(&quot;plugin://plugin.video.uranus/?action=play&amp;title=The+Con+is+On&amp;year=2018&amp;imdb=tt4685806&amp;meta=%7B%22rating%22%3A+%226.0%22%2C+%22code%22%3A+%22tt4685806%22%2C+%22tmdb%22%3A+%22353576%22%2C+%22imdb%22%3A+%22tt4685806%22%2C+%22year%22%3A+%222018%22%2C+%22duration%22%3A+%225400%22%2C+%22plot%22%3A+%22In+an+effort+to+avoid+paying+of+a+massive+gambling+debt+to+a+notorious+mobster+in+England%2C+a+couple+flees+to+Los+Angeles+and+hatch+a+jewel+theft+plot.%22%2C+%22votes%22%3A+%225%22%2C+%22title%22%3A+%22The+Con+is+On%22%2C+%22fanart%22%3A+%22http%3A%2F%2Fimage.tmdb.org%2Ft%2Fp%2Foriginal%2FdKdKGN8SvtST3sKtQQXAx1O1LLA.jpg%22%2C+%22tagline%22%3A+%22And+it+won%27t+be+their+last%22%2C+%22writer%22%3A+%22Alex+Michaelides+%2F+James+Oakley%22%2C+%22next%22%3A+%22http%3A%2F%2Fapi.themoviedb.org%2F3%2Fmovie%2Fnow_playing%3Fapi_key%3D%25s%26page%3D5%22%2C+%22poster%22%3A+%22http%3A%2F%2Fimage.tmdb.org%2Ft%2Fp%2Fw500%2FxboITqlUSsua6BRrWuOGyFkOg5Z.jpg%22%2C+%22mediatype%22%3A+%22movie%22%2C+%22director%22%3A+%22James+Oakley%22%2C+%22studio%22%3A+%22Autumn+Productions%22%2C+%22genre%22%3A+%22Comedy%22%2C+%22metacache%22%3A+false%2C+%22premiered%22%3A+%222018-05-04%22%2C+%22originaltitle%22%3A+%22The+Con+is+On%22%2C+%22mpaa%22%3A+%22R%22%2C+%22trailer%22%3A+%22plugin%3A%2F%2Fplugin.video.uranus%2F%3Faction%3Dtrailer%26name%3DThe%2BCon%2Bis%2BOn%2B%25282018%2529%22%7D&amp;t=20180513223658587310&quot;)</favourite>
    <favourite name="Cobra Kai" thumb="http://thetvdb.com/banners/posters/332858-3.jpg">ActivateWindow(10025,&quot;plugin://plugin.video.neptune/?action=seasons&amp;imdb=tt7221388&amp;tvdb=332858&amp;tvshowtitle=Cobra%20Kai&amp;year=2018&quot;,return)</favourite>
    <favourite name="Bulletproof" thumb="http://thetvdb.com/banners/posters/346572-1.jpg">ActivateWindow(10025,&quot;plugin://plugin.video.neptune/?action=seasons&amp;imdb=tt8038720&amp;tvdb=346572&amp;tvshowtitle=Bulletproof&amp;year=2018&quot;,return)</favourite>
    <favourite name="All Night" thumb="http://thetvdb.com/banners/posters/346001-1.jpg">ActivateWindow(10025,&quot;plugin://plugin.video.neptune/?action=seasons&amp;imdb=tt7292950&amp;tvdb=346001&amp;tvshowtitle=All%20Night&amp;year=2018&quot;,return)</favourite>
    <favourite name="Impulse" thumb="http://thetvdb.com/banners/posters/5b2b21213865b.jpg">ActivateWindow(10025,&quot;plugin://plugin.video.exodus/?action=seasons&amp;imdb=tt6160506&amp;tvdb=344995&amp;tvshowtitle=Impulse&amp;year=2018&quot;,return)</favourite>
    <favourite name="Reverie" thumb="http://thetvdb.com/banners/posters/328549-2.jpg">ActivateWindow(10025,&quot;plugin://plugin.video.exodus/?action=seasons&amp;imdb=tt6461746&amp;tvdb=328549&amp;tvshowtitle=Reverie&amp;year=2018&quot;,return)</favourite>
    <favourite name="High &amp; Dry (2018)" thumb="http://thetvdb.com/banners/posters/5b1a892c6cd67.jpg">ActivateWindow(10025,&quot;plugin://plugin.video.exodus/?action=seasons&amp;imdb=tt8320894&amp;tvdb=343582&amp;tvshowtitle=High%20%26%20Dry&amp;year=2018&quot;,return)</favourite>
    <favourite name="The Rain" thumb="http://thetvdb.com/banners/posters/5af0db789dd36.jpg">ActivateWindow(10025,&quot;plugin://plugin.video.neptune/?action=seasons&amp;imdb=tt6656238&amp;tvdb=341704&amp;tvshowtitle=The%20Rain&amp;year=2018&quot;,return)</favourite>
    <favourite name="Wentworth" thumb="http://thetvdb.com/banners/posters/5b4946bfc6baf.jpg">ActivateWindow(10025,&quot;plugin://plugin.video.neptune/?action=seasons&amp;imdb=tt2433738&amp;tvdb=264234&amp;tvshowtitle=Wentworth&amp;year=2013&quot;,return)</favourite>
    <favourite name="Ocean&apos;s 8 (2018)" thumb="https://m.media-amazon.com/images/M/MV5BMjAyNDEyMzc4Ml5BMl5BanBnXkFtZTgwMjEzNjM0NTM@._V1_SX500.jpg">PlayMedia(&quot;plugin://plugin.video.neptune/?action=play&amp;title=Ocean%27s+8&amp;year=2018&amp;imdb=tt5164214&amp;meta=%7B%22rating%22%3A+7.2624899999999997%2C+%22tmdb%22%3A+%22402900%22%2C+%22imdbnumber%22%3A+%22tt5164214%22%2C+%22poster%22%3A+%22https%3A%2F%2Fm.media-amazon.com%2Fimages%2FM%2FMV5BMjAyNDEyMzc4Ml5BMl5BanBnXkFtZTgwMjEzNjM0NTM%40._V1_SX500.jpg%22%2C+%22mediatype%22%3A+%22movie%22%2C+%22imdb_id%22%3A+%22tt5164214%22%2C+%22director%22%3A+%22Gary+Ross%22%2C+%22genre%22%3A+%22Thriller+%2F+Crime+%2F+Comedy+%2F+Action%22%2C+%22code%22%3A+%22tt5164214%22%2C+%22imdb%22%3A+%22tt5164214%22%2C+%22year%22%3A+%222018%22%2C+%22duration%22%3A+%226600%22%2C+%22metacache%22%3A+false%2C+%22plot%22%3A+%22Debbie+Ocean%2C+a+criminal+mastermind%2C+gathers+a+crew+of+seven+other+female+thieves+to+pull+off+the+heist+of+the+century+at+New+York%27s+annual+Met+Gala.%22%2C+%22votes%22%3A+%221%2C181%22%2C+%22tmdb_id%22%3A+%22402900%22%2C+%22title%22%3A+%22Ocean%27s+8%22%2C+%22tagline%22%3A+%22Every+con+has+its+pros%22%2C+%22writer%22%3A+%22Gary+Ross%2C+Olivia+Milch%22%2C+%22premiered%22%3A+%222018-06-08%22%2C+%22next%22%3A+%22http%3A%2F%2Fwww.imdb.com%2Fsearch%2Ftitle%3Ftitle_type%3Dfeature%26num_votes%3D1000%2C%26release_date%3D2017-07-17%2C2018-07-17%26sort%3Drelease_date_us%2Cdesc%26count%3D40%26start%3D1%26page%3D2%26ref_%3Dadv_nxt%22%2C+%22originaltitle%22%3A+%22Ocean%27s+8%22%2C+%22cast%22%3A+%5B%5B%22Sandra+Bullock%22%2C+%22Debbie+Ocean%22%5D%2C+%5B%22Cate+Blanchett%22%2C+%22Lou%22%5D%2C+%5B%22Anne+Hathaway%22%2C+%22Daphne+Kluger%22%5D%2C+%5B%22Mindy+Kaling%22%2C+%22Amita%22%5D%2C+%5B%22Sarah+Paulson%22%2C+%22Tammy%22%5D%2C+%5B%22Awkwafina%22%2C+%22Constance%22%5D%2C+%5B%22Rihanna%22%2C+%22Nine+Ball%22%5D%2C+%5B%22Helena+Bonham+Carter%22%2C+%22Rose+Weil%22%5D%2C+%5B%22Richard+Armitage%22%2C+%22Claude+Becker%22%5D%2C+%5B%22James+Corden%22%2C+%22John+Frazier%22%5D%2C+%5B%22Dakota+Fanning%22%2C+%22Penelope+Stern%22%5D%2C+%5B%22Elliott+Gould%22%2C+%22Reuben+Tishkoff%22%5D%2C+%5B%22Shaobo+Qin%22%2C+%22%5C%22The+Amazing%5C%22+Yen%22%5D%2C+%5B%22Marlo+Thomas%22%2C+%22Rene%22%5D%2C+%5B%22Dana+Ivey%22%2C+%22Diana%22%5D%2C+%5B%22Mary+Louise+Wilson%22%2C+%22Marlene%22%5D%2C+%5B%22Elizabeth+Ashley%22%2C+%22Ethel%22%5D%2C+%5B%22Shade+Rupe%22%2C+%22Auction+Security+Guard%22%5D%2C+%5B%22Shannon+Freyer%22%2C+%22Lorraine%22%5D%2C+%5B%22Gideon+Glick%22%2C+%22Kyle+McCallister%22%5D%2C+%5B%22Richard+Robichaux%22%2C+%22Lawrence%22%5D%2C+%5B%22James+Biberi%22%2C+%22Yuri%22%5D%2C+%5B%22Denisa+Juhos%22%2C+%22Party+Girl%22%5D%2C+%5B%22Nea+Dune%22%2C+%22Red+Carpet+Reporter%22%5D%2C+%5B%22Marko+Caka%22%2C+%22European+Fashion+Guest%22%5D%2C+%5B%22Frank+Modica%22%2C+%22Photographer%22%5D%2C+%5B%22Conor+Donovan%22%2C+%22Riley%22%5D%2C+%5B%22Brian+Anthony+Wilson%22%2C+%22Met+American+Wing+Guard%22%5D%2C+%5B%22Katrina+E.+Perkins%22%2C+%22Yardley%27s+Phone+Staff%22%5D%2C+%5B%22Candice+A.+Buenrostro%22%2C+%22VIP+Waitress%22%5D%2C+%5B%22Afsheen+Olyaie%22%2C+%22Museum+Guest%22%5D%2C+%5B%22Michael+J.+Burg%22%2C+%22Actor%22%5D%2C+%5B%22Alexander+Blaise%22%2C+%22Cartier+President%22%5D%2C+%5B%22Bridget+Gabbe%22%2C+%22Club+Smoker%22%5D%2C+%5B%22Amelie+McKendry%22%2C+%22Met+Gala+Guest%22%5D%2C+%5B%22Simon+Feil%22%2C+%22Yardley+Exec%22%5D%2C+%5B%22Kenneth+Maharaj%22%2C+%22Yardley+Exec+%233%22%5D%2C+%5B%22Abigail+Rich%22%2C+%22Las+Vegas+Showgirl+%2F+Dancer%22%5D%2C+%5B%22Steven+Hauck%22%2C+%22Omaha+Banker+%233%22%5D%2C+%5B%22Marcos+A.+Gonzalez%22%2C+%22Pit+Boss%22%5D%2C+%5B%22Morgan+Cohen%22%2C+%22PR+Girl%22%5D%2C+%5B%22Slim+Khezri%22%2C+%22Met+Gala+Guest%22%5D%2C+%5B%22Rajeev+Pahuja%22%2C+%22Met+Gala+Guest%22%5D%2C+%5B%22Sophia+Smith%22%2C+%22Fashion+Show+Guest%22%5D%2C+%5B%22Friday+Chamberlain%22%2C+%22Club+Patron%22%5D%2C+%5B%22Nathanya+Alexander%22%2C+%22Veronica%22%5D%2C+%5B%22Robbie+DeRaffele%22%2C+%22Pedestrian%22%5D%2C+%5B%22Jonathan+Gregg%22%2C+%22Victor%22%5D%2C+%5B%22Michael+Gandolfini%22%2C+%22Busboy+%232%22%5D%2C+%5B%22Samantha+Cocozza%22%2C+%22Met+Patron%22%5D%2C+%5B%22Carlo+Sciortino%22%2C+%22Guest%22%5D%2C+%5B%22Annabelle+Chow%22%2C+%22Trapeze+Girl%22%5D%2C+%5B%22Zachary+Le+Vey%22%2C+%22Military+Gala+Guest%22%5D%2C+%5B%22George+Walsh%22%2C+%22Auction+Patron%22%5D%2C+%5B%22Takako+Haywood%22%2C+%22Poker+Player%22%5D%2C+%5B%22Elizabeth+Inghram%22%2C+%22Former+Vogue+Coordinator%22%5D%2C+%5B%22Bridget+Russell+Kennedy%22%2C+%22Met+Gala+Patron+%231%22%5D%2C+%5B%22Portia+Backus%22%2C+%22Fashion+Show+Attendee%22%5D%2C+%5B%22Emmy+Elliott%22%2C+%22Model%22%5D%2C+%5B%22Ronald+Scott+Maestri%22%2C+%22Fashion+Show+VIP%22%5D%2C+%5B%22Vitaly+Andrew+LeBeau%22%2C+%22Jeffrey%22%5D%2C+%5B%22Chris+Banks%22%2C+%22Footman%22%5D%2C+%5B%22Nathaniel+Beal%22%2C+%22Roulette+Player%22%5D%2C+%5B%22John+Buscemi%22%2C+%22Plumber%22%5D%2C+%5B%22Daniella+Rabbani%22%2C+%22Bergdorf+Salesperson%22%5D%2C+%5B%22Dean+Morris%22%2C+%22Yardley%27s+Auction+Bidder%22%5D%2C+%5B%22Richard+R.+Corapi%22%2C+%22Auction+Bidder%22%5D%2C+%5B%22D+Ivery%22%2C+%22Restaurant+Patron+%2F+Business+Woman%22%5D%2C+%5B%22Salvatore+DiSanto%22%2C+%22Bartender%22%5D%2C+%5B%22Timothy+Woods%22%2C+%22Derek%22%5D%2C+%5B%22Suzanne+Jaehne%22%2C+%22Yardley+Exec+%234%22%5D%2C+%5B%22Matthew+Provenza%22%2C+%22MET+Gala+Guest%22%5D%2C+%5B%22David+Gibson%22%2C+%22Omaha+Banker+%231%22%5D%2C+%5B%22Stefan+Ackermann%22%2C+%22Club+Patron+%2F+Fashion+Show+Guest%22%5D%2C+%5B%22Oscar+Pavlo%22%2C+%22Fashion+Show+VIP+%2F+Met+Gala+Celebrity+Guest%22%5D%2C+%5B%22Michael+D.+Joseph%22%2C+%22Photographer%22%5D%2C+%5B%22Charles+Prendergast%22%2C+%22Charley%22%5D%2C+%5B%22Migs+Govea%22%2C+%22Guillermo%22%5D%2C+%5B%22Cooper+Carrell%22%2C+%22Boy+at+Park%22%5D%2C+%5B%22Justin+S+Kirkland%22%2C+%22Bartender%22%5D%2C+%5B%22Ashlee+Renz-Hotz%22%2C+%22Met+Gala+Guest%22%5D%2C+%5B%22Joshua+Salvador%22%2C+%22Club+Patron%22%5D%2C+%5B%22Emily+Saggese%22%2C+%22Gala+Patron%22%5D%2C+%5B%22Angela+Bilkic%22%2C+%22Met+Gala+Guest%22%5D%2C+%5B%22Ana+Valdes%22%2C+%22Trendy+Patron%22%5D%2C+%5B%22Griffin+Dunne%22%2C+%22Parole+Board+Officer%22%5D%2C+%5B%22Doris+McCarthy%22%2C+%22Upscale+Luncheon+Guest%22%5D%2C+%5B%22Katie+Holmes%22%2C+%22Herself+%28uncredited%29%22%5D%2C+%5B%22Heidi+Klum%22%2C+%22Herself+%28uncredited%29%22%5D%2C+%5B%22Jaime+King%22%2C+%22Herself+%28uncredited%29%22%5D%2C+%5B%22Serena+Williams%22%2C+%22Herself+%28uncredited%29%22%5D%2C+%5B%22Maria+Sharapova%22%2C+%22Herself+%28uncredited%29%22%5D%2C+%5B%22Kendall+Jenner%22%2C+%22Herself+%28uncredited%29%22%5D%2C+%5B%22Kylie+Jenner%22%2C+%22Herself+%28uncredited%29%22%5D%2C+%5B%22Gigi+Hadid%22%2C+%22Herself+%28uncredited%29%22%5D%2C+%5B%22Adriana+Lima%22%2C+%22Herself+%28uncredited%29%22%5D%2C+%5B%22Zayn+Malik%22%2C+%22Himself+%28uncredited%29%22%5D%2C+%5B%22Common%22%2C+%22Himself+%28uncredited%29%22%5D%2C+%5B%22Lily+Aldridge%22%2C+%22Herself+%28uncredited%29%22%5D%2C+%5B%22Hailey+Baldwin%22%2C+%22Herself+%28uncredited%29%22%5D%2C+%5B%22Olivia+Munn%22%2C+%22Herself+%28uncredited%29%22%5D%2C+%5B%22Zac+Posen%22%2C+%22Himself+%28uncredited%29%22%5D%2C+%5B%22Anna+Wintour%22%2C+%22Herself+%28uncredited%29%22%5D%2C+%5B%22Alexander+Wang%22%2C+%22Himself+%28uncredited%29%22%5D%2C+%5B%22Derek+Blasberg%22%2C+%22Himself+%28uncredited%29%22%5D%2C+%5B%22Nina+Cuso%22%2C+%22Herself+%28uncredited%29%22%5D%2C+%5B%22Lauren+Santo+Domingo%22%2C+%22Herself+%28uncredited%29%22%5D%2C+%5B%22Waris+Ahluwalia%22%2C+%22Himself+%28Uncredited%29%22%5D%5D%2C+%22mpaa%22%3A+%22PG-13%22%2C+%22trailer%22%3A+%22plugin%3A%2F%2Fplugin.video.neptune%2F%3Faction%3Dtrailer%26name%3DOcean%2527s%2B8%2B%25282018%2529%22%7D&amp;t=20180717231330728562&quot;)</favourite>
    <favourite name="Acts of Violence (2018)" thumb="https://m.media-amazon.com/images/M/MV5BMjM3NzI1NDMyNl5BMl5BanBnXkFtZTgwNzUyMDgzNDM@._V1_SX500.jpg">PlayMedia(&quot;plugin://plugin.video.neptune/?action=play&amp;title=Acts+of+Violence&amp;year=2018&amp;imdb=tt6684714&amp;meta=%7B%22rating%22%3A+6.8505900000000004%2C+%22tmdb%22%3A+%22479040%22%2C+%22imdbnumber%22%3A+%22tt6684714%22%2C+%22poster%22%3A+%22https%3A%2F%2Fm.media-amazon.com%2Fimages%2FM%2FMV5BMjM3NzI1NDMyNl5BMl5BanBnXkFtZTgwNzUyMDgzNDM%40._V1_SX500.jpg%22%2C+%22mediatype%22%3A+%22movie%22%2C+%22imdb_id%22%3A+%22tt6684714%22%2C+%22director%22%3A+%22Brett+Donowho%22%2C+%22genre%22%3A+%22Action+%2F+Crime%22%2C+%22code%22%3A+%22tt6684714%22%2C+%22imdb%22%3A+%22tt6684714%22%2C+%22year%22%3A+%222018%22%2C+%22duration%22%3A+%225160%22%2C+%22metacache%22%3A+false%2C+%22plot%22%3A+%22When+his+fiancee+is+kidnapped+by+human+traffickers%2C+Roman+and+his+ex-military+brothers+set+out+to+track+her+down+and+save+her+before+it+is+too+late.+Along+the+way%2C+Roman+teams+up+with+Avery%2C+a+cop+investigating+human+trafficking+and+fighting+the+corrupt+bureaucracy+that+has+harmful+intentions.%22%2C+%22votes%22%3A+%221%2C526%22%2C+%22tmdb_id%22%3A+%22479040%22%2C+%22title%22%3A+%22Acts+of+Violence%22%2C+%22tagline%22%3A+%22Protect+what%27s+yours.%22%2C+%22writer%22%3A+%22Nicolas+Aaron+Mezzanatto%22%2C+%22premiered%22%3A+%222018-01-12%22%2C+%22next%22%3A+%22http%3A%2F%2Fwww.imdb.com%2Fsearch%2Ftitle%3Ftitle_type%3Dfeature%26num_votes%3D1000%2C%26release_date%3D2017-07-21%2C2018-07-21%26sort%3Drelease_date_us%2Cdesc%26count%3D40%26start%3D1%26page%3D5%26ref_%3Dadv_nxt%22%2C+%22originaltitle%22%3A+%22Acts+of+Violence%22%2C+%22cast%22%3A+%5B%5B%22Bruce+Willis%22%2C+%22Detective+James+Avery%22%5D%2C+%5B%22Cole+Hauser%22%2C+%22Deklan%22%5D%2C+%5B%22Shawn+Ashmore%22%2C+%22Brandon%22%5D%2C+%5B%22Ashton+Holmes%22%2C+%22Roman%22%5D%2C+%5B%22Melissa+Bolona%22%2C+%22Mia%22%5D%2C+%5B%22Sean+Brosnan%22%2C+%22Vince%22%5D%2C+%5B%22Sophia+Bush%22%2C+%22Detective+Brooke+Baker%22%5D%2C+%5B%22Mike+Epps%22%2C+%22Max+Livingston%22%5D%2C+%5B%22Tiffany+Brouwer%22%2C+%22Jessa+MacGregor%22%5D%2C+%5B%22Jenna+B.+Kelly%22%2C+%22Haley%22%5D%2C+%5B%22Patrick+St.+Esprit%22%2C+%22Hemland%22%5D%2C+%5B%22Rotimi%22%2C+%22Frank%22%5D%2C+%5B%22Matt+Metzler%22%2C+%22Richard%22%5D%2C+%5B%22Kyle+Stefanski%22%2C+%22Davis%22%5D%2C+%5B%22Boyd+Kestner%22%2C+%22Stevens%22%5D%2C+%5B%22Nicolas+Petron%22%2C+%22Ben%22%5D%2C+%5B%22David+Vegh%22%2C+%22VA+Therapist%22%5D%2C+%5B%22Jerrad+Christian%22%2C+%22Douglas+MacGregor%22%5D%2C+%5B%22David+Meadows%22%2C+%22John+%231%22%5D%2C+%5B%22Savannah+Lynx%22%2C+%22Head+Dancer%22%5D%2C+%5B%22Rachel+Latham%22%2C+%22Hot+Waitress%22%5D%2C+%5B%22Stipe+Miocic%22%2C+%22Muscle+Bound+Thug%22%5D%2C+%5B%22Tamara+Belous%22%2C+%22Tatiana%22%5D%2C+%5B%22John+Dauer%22%2C+%22Police+Officer+%231%22%5D%2C+%5B%22Cashmere+Bonton%22%2C+%22Allie%22%5D%2C+%5B%22Cassius+Marsh%22%2C+%22Armed+Guard+%232%22%5D%2C+%5B%22Christopher+Rob+Bowen%22%2C+%22Stocky+Gangster%22%5D%2C+%5B%22Brielle+Donowho%22%2C+%22Paige%22%5D%2C+%5B%22Daniel+Mendoza%22%2C+%22Police+Officer+%232%22%5D%2C+%5B%22Maggie+Tyma%22%2C+%22Lisa%22%5D%2C+%5B%22Laura+Allen%22%2C+%22Hospital+Worker+%28uncredited%29%22%5D%2C+%5B%22Victoria+Borbridge%22%2C+%22Hospital+Worker+%28uncredited%29%22%5D%2C+%5B%22Martin+Blencowe%22%2C+%22Armed+Guard+%231%22%5D%5D%2C+%22mpaa%22%3A+%22R%22%2C+%22trailer%22%3A+%22plugin%3A%2F%2Fplugin.video.neptune%2F%3Faction%3Dtrailer%26name%3DActs%2Bof%2BViolence%2B%25282018%2529%22%7D&amp;t=20180723000046775763&quot;)</favourite>
    <favourite name="Marvel&apos;s The Punisher" thumb="http://thetvdb.com/banners/posters/331980-21.jpg">ActivateWindow(10025,&quot;plugin://plugin.video.exodus/?action=seasons&amp;imdb=tt5675620&amp;tvdb=331980&amp;tvshowtitle=Marvel%27s%20The%20Punisher&amp;year=2017&quot;,return)</favourite>
    <favourite name="Titans (2018)" thumb="http://thetvdb.com/banners/posters/5bad161a129b6.jpg">ActivateWindow(10025,&quot;plugin://plugin.video.exodus/?action=seasons&amp;imdb=tt1043813&amp;tvdb=341663&amp;tvshowtitle=Titans&amp;year=2018&quot;,return)</favourite>
    <favourite name="Manifest" thumb="http://thetvdb.com/banners/posters/5b2a4b242cca5.jpg">ActivateWindow(10025,&quot;plugin://plugin.video.exodus/?action=seasons&amp;imdb=tt8421350&amp;tvdb=349271&amp;tvshowtitle=Manifest&amp;year=2018&quot;,return)</favourite>
    <favourite name="Maniac (2018)" thumb="http://thetvdb.com/banners/posters/5ba36e201264d.jpg">ActivateWindow(10025,&quot;plugin://plugin.video.exodus/?action=seasons&amp;imdb=tt5580146&amp;tvdb=350864&amp;tvshowtitle=Maniac&amp;year=2018&quot;,return)</favourite>
    <favourite name="A Discovery of Witches" thumb="http://thetvdb.com/banners/posters/5ba300fb5770c.jpg">ActivateWindow(10025,&quot;plugin://plugin.video.exodus/?action=seasons&amp;imdb=tt2177461&amp;tvdb=351291&amp;tvshowtitle=A%20Discovery%20of%20Witches&amp;year=2018&quot;,return)</favourite>
    <favourite name="Peppermint (2018)" thumb="https://image.tmdb.org/t/p/w300/jrzxS0vcbzIIay1sdYm0rgI2QfJ.jpg">PlayMedia(&quot;plugin://plugin.video.exodus/?action=play&amp;title=Peppermint&amp;year=2018&amp;imdb=tt6850820&amp;meta=%7B%22rating%22%3A+7.5603600000000002%2C+%22tmdb%22%3A+%22458594%22%2C+%22imdbnumber%22%3A+%22tt6850820%22%2C+%22poster%22%3A+%22https%3A%2F%2Fimage.tmdb.org%2Ft%2Fp%2Fw300%2FjrzxS0vcbzIIay1sdYm0rgI2QfJ.jpg%22%2C+%22mediatype%22%3A+%22movie%22%2C+%22imdb_id%22%3A+%22tt6850820%22%2C+%22director%22%3A+%22Pierre+Morel%22%2C+%22genre%22%3A+%22Action+%2F+Crime+%2F+Thriller%22%2C+%22code%22%3A+%22tt6850820%22%2C+%22imdb%22%3A+%22tt6850820%22%2C+%22year%22%3A+%222018%22%2C+%22duration%22%3A+%226060%22%2C+%22poster3%22%3A+%22https%3A%2F%2Fimage.tmdb.org%2Ft%2Fp%2Fw300%2FjrzxS0vcbzIIay1sdYm0rgI2QfJ.jpg%22%2C+%22metacache%22%3A+false%2C+%22plot%22%3A+%22A+grieving+mother+transforms+herself+into+a+vigilante+following+the+murders+of+her+husband+and+daughter%2C+eluding+the+authorities+to+deliver+her+own+personal+brand+of+justice.%22%2C+%22votes%22%3A+%22439%22%2C+%22tmdb_id%22%3A+%22458594%22%2C+%22title%22%3A+%22Peppermint%22%2C+%22tagline%22%3A+%22The+system+failed.+She+won%27t.%22%2C+%22writer%22%3A+%22Chad+St.+John%22%2C+%22premiered%22%3A+%222018-09-07%22%2C+%22next%22%3A+%22http%3A%2F%2Fwww.imdb.com%2Fsearch%2Ftitle%3Ftitle_type%3Dfeature%2Ctv_movie%26release_date%3D2017-11-18%2C2018-09-19%26num_votes%3D1000%2C%26production_status%3Dreleased%26count%3D40%26start%3D81%26ref_%3Dadv_nxt%22%2C+%22originaltitle%22%3A+%22Peppermint%22%2C+%22cast%22%3A+%5B%5B%22Jennifer+Garner%22%2C+%22Riley+North%22%5D%2C+%5B%22Tyson+Ritter%22%2C+%22Homeless+Sam%22%5D%2C+%5B%22John+Gallagher+Jr.%22%2C+%22Detective+Stan+Carmichael%22%5D%2C+%5B%22John+Ortiz%22%2C+%22Detective+Moises+Beltran%22%5D%2C+%5B%22Annie+Ilonzeh%22%2C+%22FBI+Agent+Lisa+Inman%22%5D%2C+%5B%22Method+Man%22%2C+%22Narcotics+Detective+Barker%22%5D%2C+%5B%22Tony+Jacobsen%22%2C+%22Homeless+Man%22%5D%2C+%5B%22Cailey+Fleming%22%2C+%22Carly+North%22%5D%2C+%5B%22Jeff+Hephner%22%2C+%22Chris+North%22%5D%2C+%5B%22Juan+Pablo+Raba%22%2C+%22Diego+Garcia%22%5D%2C+%5B%22Ian+Casselberry%22%2C+%22Cortez%22%5D%2C+%5B%22Richard+Cabral%22%2C+%22Salazar%22%5D%2C+%5B%22Johnny+Ortiz%22%2C+%22Torres%22%5D%2C+%5B%22Michael+Reventar%22%2C+%22Ortega%22%5D%2C+%5B%22Kyla+Drew+Simmons%22%2C+%22Maria%22%5D%2C+%5B%22Gustavo+Quiroz+Jr.%22%2C+%22Jose%22%5D%2C+%5B%22Pell+James%22%2C+%22Peg%22%5D%2C+%5B%22John+Boyd%22%2C+%22Marvin%22%5D%2C+%5B%22Michael+Mosley%22%2C+%22Henderson%22%5D%2C+%5B%22Jeff+Harlan%22%2C+%22Judge+Stevens%22%5D%2C+%5B%22Chris+Johnson%22%2C+%22Mickey%22%5D%2C+%5B%22Caspar+Brun%22%2C+%22LAPD+Data+Analyst%22%5D%2C+%5B%22Edilsy+Vargas%22%2C+%22Jessica%22%5D%2C+%5B%22YaYa+Gosselin%22%2C+%22Ana%22%5D%5D%2C+%22mpaa%22%3A+%22R%22%2C+%22trailer%22%3A+%22plugin%3A%2F%2Fplugin.video.exodus%2F%3Faction%3Dtrailer%26name%3DPeppermint%2B%25282018%2529%22%7D&amp;t=20181118004452042125&quot;)</favourite>
    <favourite name="Future Man" thumb="http://thetvdb.com/banners/posters/330997-7.jpg">ActivateWindow(10025,&quot;plugin://plugin.video.exodus/?action=seasons&amp;imdb=tt4975856&amp;tvdb=330997&amp;tvshowtitle=Future%20Man&amp;year=2017&quot;,return)</favourite>
    <favourite name="Night School (2018)" thumb="https://image.tmdb.org/t/p/w300/xjsJTVWZYxeP89fwH17rsVvhPAe.jpg">PlayMedia(&quot;plugin://plugin.video.exodus/?action=play&amp;title=Night+School&amp;year=2018&amp;imdb=tt6781982&amp;meta=%7B%22rating%22%3A+7.1348200000000004%2C+%22tmdb%22%3A+%22454293%22%2C+%22imdbnumber%22%3A+%22tt6781982%22%2C+%22poster%22%3A+%22https%3A%2F%2Fimage.tmdb.org%2Ft%2Fp%2Fw300%2FxjsJTVWZYxeP89fwH17rsVvhPAe.jpg%22%2C+%22mediatype%22%3A+%22movie%22%2C+%22imdb_id%22%3A+%22tt6781982%22%2C+%22director%22%3A+%22Malcolm+D.+Lee%22%2C+%22genre%22%3A+%22Comedy%22%2C+%22code%22%3A+%22tt6781982%22%2C+%22imdb%22%3A+%22tt6781982%22%2C+%22year%22%3A+%222018%22%2C+%22duration%22%3A+%226660%22%2C+%22poster3%22%3A+%22https%3A%2F%2Fimage.tmdb.org%2Ft%2Fp%2Fw300%2FxjsJTVWZYxeP89fwH17rsVvhPAe.jpg%22%2C+%22metacache%22%3A+false%2C+%22plot%22%3A+%22Teddy+Walker+is+a+successful+salesman+whose+life+takes+an+unexpected+turn+when+he+accidentally+blows+up+his+place+of+employment.+Forced+to+attend+night+school+to+get+his+GED%2C+Teddy+soon+finds+himself+dealing+with+a+group+of+misfit+students%2C+his+former+high+school+nemesis+and+a+feisty+teacher+who+doesn%27t+think+he%27s+too+bright.%22%2C+%22votes%22%3A+%221%2C209%22%2C+%22tmdb_id%22%3A+%22454293%22%2C+%22title%22%3A+%22Night+School%22%2C+%22tagline%22%3A+%22%22%2C+%22writer%22%3A+%22John+Hamburg%2C+Harry+Ratchford%2C+Joey+Wells%2C+Kevin+Hart%2C+Nicholas+Stoller%2C+Matthew+Kellard%22%2C+%22premiered%22%3A+%222018-09-28%22%2C+%22next%22%3A+%22http%3A%2F%2Fwww.imdb.com%2Fsearch%2Ftitle%3Ftitle_type%3Dfeature%2Ctv_movie%26release_date%3D2017-12-25%2C2018-10-26%26num_votes%3D1000%2C%26production_status%3Dreleased%26count%3D40%26start%3D81%26ref_%3Dadv_nxt%22%2C+%22originaltitle%22%3A+%22Night+School%22%2C+%22cast%22%3A+%5B%5B%22Kevin+Hart%22%2C+%22Teddy%22%5D%2C+%5B%22Tiffany+Haddish%22%2C+%22Carrie%22%5D%2C+%5B%22Rob+Riggle%22%2C+%22Mackenzie%22%5D%2C+%5B%22Yvonne+Orji%22%2C+%22Maya%22%5D%2C+%5B%22Mary+Lynn+Rajskub%22%2C+%22Theresa%22%5D%2C+%5B%22Ben+Schwartz%22%2C+%22Marvin%22%5D%2C+%5B%22Megalyn+Echikunwoke%22%2C+%22Lisa%22%5D%2C+%5B%22Anne+Winters%22%2C+%22Mila%22%5D%2C+%5B%22Keith+David%22%2C+%22Gerald%22%5D%2C+%5B%22Taran+Killam%22%2C+%22Stewart%22%5D%2C+%5B%22Mason+Guccione%22%2C+%22Gilbert%22%5D%2C+%5B%22Romany+Malco%22%2C+%22Jaylen%22%5D%2C+%5B%22Bresha+Webb%22%2C+%22Denise%22%5D%2C+%5B%22Brooke+Butler%22%2C+%22ADHD+Spokesperson%22%5D%2C+%5B%22Matilda+Del+Toro%22%2C+%22Luis%27s+Wife%22%5D%2C+%5B%22Melissa+LeEllen%22%2C+%22PTA+Mom%22%5D%2C+%5B%22Al+Madrigal%22%2C+%22Luis%22%5D%2C+%5B%22Donna+Biscoe%22%2C+%22Carole+Walker%22%5D%2C+%5B%22David+Dunston%22%2C+%22Dinner+Guest%22%5D%2C+%5B%22Owen+Harn%22%2C+%22Randy%22%5D%2C+%5B%22Brian+Kayode-Patrick+Johnson%22%2C+%22Wealthy+Dinner+Patron%22%5D%2C+%5B%22Fat+Joe%22%2C+%22Bobby%22%5D%5D%2C+%22mpaa%22%3A+%22PG-13%22%2C+%22trailer%22%3A+%22plugin%3A%2F%2Fplugin.video.exodus%2F%3Faction%3Dtrailer%26name%3DNight%2BSchool%2B%25282018%2529%22%2C+%22fanart2%22%3A+%22https%3A%2F%2Fimage.tmdb.org%2Ft%2Fp%2Fw1280%2F7CWpvqVY5JWbEtkaenzqfJjVSal.jpg%22%7D&amp;t=20181225145600199905&quot;)</favourite>
    <favourite name="The Quake (2018)" thumb="https://image.tmdb.org/t/p/w300/jA5MVaNWe76EjuXn4FqkeaHDPuj.jpg">PlayMedia(&quot;plugin://plugin.video.exodus/?action=play&amp;title=The+Quake&amp;year=2018&amp;imdb=tt6523720&amp;meta=%7B%22rating%22%3A+6.6601900000000001%2C+%22tmdb%22%3A+%22416194%22%2C+%22imdbnumber%22%3A+%22tt6523720%22%2C+%22poster%22%3A+%22https%3A%2F%2Fimage.tmdb.org%2Ft%2Fp%2Fw300%2FjA5MVaNWe76EjuXn4FqkeaHDPuj.jpg%22%2C+%22mediatype%22%3A+%22movie%22%2C+%22imdb_id%22%3A+%22tt6523720%22%2C+%22director%22%3A+%22John+Andreas+Andersen%22%2C+%22genre%22%3A+%22Drama+%2F+Action+%2F+Thriller%22%2C+%22code%22%3A+%22tt6523720%22%2C+%22imdb%22%3A+%22tt6523720%22%2C+%22year%22%3A+%222018%22%2C+%22duration%22%3A+%226360%22%2C+%22poster3%22%3A+%22https%3A%2F%2Fimage.tmdb.org%2Ft%2Fp%2Fw300%2FjA5MVaNWe76EjuXn4FqkeaHDPuj.jpg%22%2C+%22metacache%22%3A+true%2C+%22plot%22%3A+%22A+family+is+off+to+the+Norwegian+city+of+Oslo%2C+where+a+massive+earthquake+will+strike.%22%2C+%22votes%22%3A+%22103%22%2C+%22tmdb_id%22%3A+%22416194%22%2C+%22title%22%3A+%22The+Quake%22%2C+%22tagline%22%3A+%22The+Wave+Was+Only+The+Beginning%22%2C+%22writer%22%3A+%22Harald+Rosenl%5Cu00f8w-Eeg%2C+John+K%5Cu00e5re+Raake%22%2C+%22premiered%22%3A+%222018-12-14%22%2C+%22next%22%3A+%22http%3A%2F%2Fwww.imdb.com%2Fsearch%2Ftitle%3Ftitle_type%3Dfeature%2Ctv_movie%26release_date%3D2017-12-25%2C2018-10-26%26num_votes%3D1000%2C%26production_status%3Dreleased%26count%3D40%26start%3D121%26ref_%3Dadv_nxt%22%2C+%22originaltitle%22%3A+%22The+Quake%22%2C+%22cast%22%3A+%5B%5B%22Kristoffer+Joner%22%2C+%22Kristian+Eikjord%22%5D%2C+%5B%22Ane+Dahl+Torp%22%2C+%22Idun+Karlsen%22%5D%2C+%5B%22Jonas+Hoff+Oftebro%22%2C+%22Sondre%22%5D%2C+%5B%22Edith+Haagenrud-Sande%22%2C+%22Julia%22%5D%2C+%5B%22Kathrine+Thorborg+Johansen%22%2C+%22Marit%22%5D%2C+%5B%22Fredrik+Skavlan%22%2C+%22Himself%22%5D%2C+%5B%22Stig+R.+Amdam%22%2C+%22Johannes%22%5D%2C+%5B%22Catrin+Sagen%22%2C+%22Hotel+Worker%22%5D%5D%2C+%22mpaa%22%3A+%22PG-13%22%2C+%22trailer%22%3A+%22plugin%3A%2F%2Fplugin.video.exodus%2F%3Faction%3Dtrailer%26name%3DThe%2BQuake%2B%25282018%2529%22%2C+%22fanart2%22%3A+%22https%3A%2F%2Fimage.tmdb.org%2Ft%2Fp%2Fw1280%2FoqBTd53lYKJ63vbQpAxjDS6Pxvt.jpg%22%7D&amp;t=20181225150101251360&quot;)</favourite>
    <favourite name="Ralph Breaks the Internet (2018)" thumb="https://image.tmdb.org/t/p/w300/m110vLaDDOCca4hfOcS5mK5cDke.jpg">PlayMedia(&quot;plugin://plugin.video.exodus/?action=play&amp;title=Ralph+Breaks+the+Internet&amp;year=2018&amp;imdb=tt5848272&amp;meta=%7B%22rating%22%3A+7.6938800000000001%2C+%22tmdb%22%3A+%22404368%22%2C+%22imdbnumber%22%3A+%22tt5848272%22%2C+%22poster%22%3A+%22https%3A%2F%2Fimage.tmdb.org%2Ft%2Fp%2Fw300%2Fm110vLaDDOCca4hfOcS5mK5cDke.jpg%22%2C+%22mediatype%22%3A+%22movie%22%2C+%22imdb_id%22%3A+%22tt5848272%22%2C+%22director%22%3A+%22Phil+Johnston%2C+Rich+Moore%22%2C+%22genre%22%3A+%22Animation+%2F+Family+%2F+Comedy%22%2C+%22code%22%3A+%22tt5848272%22%2C+%22imdb%22%3A+%22tt5848272%22%2C+%22year%22%3A+%222018%22%2C+%22duration%22%3A+%226720%22%2C+%22poster3%22%3A+%22https%3A%2F%2Fimage.tmdb.org%2Ft%2Fp%2Fw300%2Fm110vLaDDOCca4hfOcS5mK5cDke.jpg%22%2C+%22metacache%22%3A+false%2C+%22plot%22%3A+%22Taking+place+six+years+following+the+events+of+the+first+film%2C+the+story+will+center+on+Ralph%27s+adventures+in+the+Internet+data+space+when+a+Wi-Fi+router+gets+plugged+into+the+arcade+as+he+must+find+a+replacement+part+to+fix+Sugar+Rush.%22%2C+%22votes%22%3A+%22637%22%2C+%22tmdb_id%22%3A+%22404368%22%2C+%22title%22%3A+%22Ralph+Breaks+the+Internet%22%2C+%22tagline%22%3A+%22%22%2C+%22writer%22%3A+%22Phil+Johnston%2C+Pamela+Ribon%22%2C+%22premiered%22%3A+%222018-11-21%22%2C+%22next%22%3A+%22%22%2C+%22originaltitle%22%3A+%22Ralph+Breaks+the+Internet%22%2C+%22cast%22%3A+%5B%5B%22John+C.+Reilly%22%2C+%22Wreck-It+Ralph+%28voice%29%22%5D%2C+%5B%22Sarah+Silverman%22%2C+%22Vanellope+von+Schweetz+%28voice%29%22%5D%2C+%5B%22Gal+Gadot%22%2C+%22Shank+%28voice%29%22%5D%2C+%5B%22Taraji+P.+Henson%22%2C+%22Yesss+%28voice%29%22%5D%2C+%5B%22Jack+McBrayer%22%2C+%22Fix-It+Felix+%28voice%29%22%5D%2C+%5B%22Jane+Lynch%22%2C+%22Calhoun+%28voice%29%22%5D%2C+%5B%22Alan+Tudyk%22%2C+%22KnowsMore+%28voice%29%22%5D%2C+%5B%22Alfred+Molina%22%2C+%22Double+Dan+%28voice%29%22%5D%2C+%5B%22Ed+O%27Neill%22%2C+%22Mr.+Litwak+%28voice%29%22%5D%2C+%5B%22John+DiMaggio%22%2C+%22Arthur+%28voice%29%22%5D%2C+%5B%22Bill+Hader%22%2C+%22J.P.+Spamley+%28uncredited+voice%29%22%5D%2C+%5B%22Paige+O%27Hara%22%2C+%22Belle+%28voice%29%22%5D%2C+%5B%22Irene+Bedard%22%2C+%22Pocahontas+%28voice%29%22%5D%2C+%5B%22Mandy+Moore%22%2C+%22Rapunzel+%28voice%29%22%5D%2C+%5B%22Auli%27i+Cravalho%22%2C+%22Moana+%28voice%29%22%5D%2C+%5B%22Kristen+Bell%22%2C+%22Anna+%28voice%29%22%5D%2C+%5B%22Idina+Menzel%22%2C+%22Elsa+%28voice%29%22%5D%2C+%5B%22Kelly+Macdonald%22%2C+%22Merida+%28voice%29%22%5D%2C+%5B%22Anika+Noni+Rose%22%2C+%22Tiana+%28voice%29%22%5D%2C+%5B%22Linda+Larkin%22%2C+%22Jasmine+%28voice%29%22%5D%2C+%5B%22Jodi+Benson%22%2C+%22Ariel+%28voice%29%22%5D%2C+%5B%22Ming-Na+Wen%22%2C+%22Mulan+%28voice%29%22%5D%2C+%5B%22Jennifer+Hale%22%2C+%22Cinderella+%28voice%29%22%5D%2C+%5B%22Kate+Higgins%22%2C+%22Aurora+%28voice%29%22%5D%2C+%5B%22Pamela+Ribon%22%2C+%22Snow+White+%28voice%29%22%5D%2C+%5B%22Roger+Craig+Smith%22%2C+%22Sonic+the+Hedgehog+%28voice%29%22%5D%2C+%5B%22Anthony+Daniels%22%2C+%22C-3PO+%28voice%29%22%5D%2C+%5B%22Tim+Allen%22%2C+%22Buzz+Lightyear+%28voice%29%22%5D%2C+%5B%22Rich+Moore%22%2C+%22Sour+Bill+%28voice%29%22%5D%2C+%5B%22Phil+Johnston%22%2C+%22Surge+Protector+%28voice%29%22%5D%2C+%5B%22Colleen+Ballinger%22%2C+%22Miranda+Sings+%28voice%29%22%5D%2C+%5B%22Dani+Fernandez%22%2C+%22Dani+Fernandez+%28voice%29%22%5D%2C+%5B%22Tiffany+Herrera%22%2C+%22iHasCupquake+%28voice%29%22%5D%2C+%5B%22Corey+Burton%22%2C+%22Grumpy+%28voice%29%22%5D%2C+%5B%22Brad+Garrett%22%2C+%22Eeyore+%28voice%29%22%5D%2C+%5B%22Michael+Giacchino%22%2C+%22FN-3181+%28voice%29%22%5D%2C+%5B%22Vin+Diesel%22%2C+%22Baby+Groot+%28voice%29%22%5D%2C+%5B%22Maurice+LaMarche%22%2C+%22Tapper+%28voice%29%22%5D%2C+%5B%22Dan+Reynolds%22%2C+%22Himself+%28voice%29%22%5D%2C+%5B%22Wayne+Sermon%22%2C+%22Himself+%28voice%29%22%5D%2C+%5B%22Ben+McKee%22%2C+%22Himself+%28voice%29%22%5D%2C+%5B%22Daniel+%5C%22Z%5C%22+Platzman%22%2C+%22Himself+%28voice%29%22%5D%2C+%5B%22Ana+Ortiz%22%2C+%22Karillo+%28voice%29%22%5D%2C+%5B%22Ali+Wong%22%2C+%22Felony+%28voice%29%22%5D%2C+%5B%22Rebecca+Wisocky%22%2C+%22Ebay+Elayne+%28voice%29%22%5D%2C+%5B%22Flula+Borg%22%2C+%22Flula+Borg+%28voice%29%22%5D%2C+%5B%22Timothy+Simons%22%2C+%22Butcher+Boy+%28voice%29%22%5D%2C+%5B%22Mark+Smith%22%2C+%22God+%28voice%29%22%5D%2C+%5B%22Jamie+Elman%22%2C+%22Rancis+Fluggerbutter+%28voice%29%22%5D%2C+%5B%22Hamish+Blake%22%2C+%22Pyro+%28voice%29%22%5D%2C+%5B%22Glozell+Green%22%2C+%22Little+Debbie+%28voice%29%22%5D%2C+%5B%22Della+Saba%22%2C+%22Swatti+%28voice%29%22%5D%2C+%5B%22Kent+Boyd%22%2C+%22Skeleton+Dancer+%28voice%29%22%5D%2C+%5B%22Rachel+Crow%22%2C+%22Nafisa+%28voice%29%22%5D%2C+%5B%22June+Squibb%22%2C+%22Jimmy%27s+Grandma+%28voice%29%22%5D%2C+%5B%22Dianna+Agron%22%2C+%22News+Anchor+%28voice%29%22%5D%2C+%5B%22Jason+Mantzoukas%22%2C+%22Hey+Nongman+%28voice%29%22%5D%2C+%5B%22Nicole+Scherzinger%22%2C+%22Mo%27s+Mom+%28voice%29%22%5D%2C+%5B%22Sean+Giambrone%22%2C+%22The+eboy+%28voice%29%22%5D%2C+%5B%22Katie+Lowes%22%2C+%22Candlehead+%28voice%29%22%5D%2C+%5B%22Melissa+Villase%5Cu00f1or%22%2C+%22Taffyta+Muttonfudge+%28voice%29%22%5D%5D%2C+%22mpaa%22%3A+%22PG%22%2C+%22trailer%22%3A+%22plugin%3A%2F%2Fplugin.video.exodus%2F%3Faction%3Dtrailer%26name%3DRalph%2BBreaks%2Bthe%2BInternet%2B%25282018%2529%22%2C+%22fanart2%22%3A+%22https%3A%2F%2Fimage.tmdb.org%2Ft%2Fp%2Fw1280%2FivhK1NjnFji6lD5dkAThSzd3Mgq.jpg%22%7D&amp;t=20181225150515778034&quot;)</favourite>
    <favourite name="The Protector (2018)" thumb="http://thetvdb.com/banners/posters/5bfbc50d74bed.jpg">ActivateWindow(10025,&quot;plugin://plugin.video.exodus/?action=seasons&amp;imdb=tt7668518&amp;tvdb=347838&amp;tvshowtitle=The%20Protector&amp;year=2018&quot;,return)</favourite>
    <favourite name="Season 1" thumb="http://thetvdb.com/banners/seasons/5c13ff76bfad9.jpg">ActivateWindow(10025,&quot;plugin://plugin.video.exodus/?action=episodes&amp;imdb=tt6898970&amp;season=1&amp;tvdb=354509&amp;tvshowtitle=Tidelands&amp;year=2018&quot;,return)</favourite>
    <favourite name="Pine Gap" thumb="http://thetvdb.com/banners/posters/5c0a6f446f134.jpg">ActivateWindow(10025,&quot;plugin://plugin.video.exodus/?action=seasons&amp;imdb=tt7371868&amp;tvdb=352547&amp;tvshowtitle=Pine%20Gap&amp;year=2018&quot;,return)</favourite>
    <favourite name="The Kominsky Method" thumb="http://thetvdb.com/banners/posters/5bd494cbe8203.jpg">ActivateWindow(10025,&quot;plugin://plugin.video.exodus/?action=seasons&amp;imdb=tt7255502&amp;tvdb=350869&amp;tvshowtitle=The%20Kominsky%20Method&amp;year=2018&quot;,return)</favourite>
    <favourite name="Mars (2016)" thumb="http://thetvdb.com/banners/posters/5bdb2c5d9cca1.jpg">ActivateWindow(10025,&quot;plugin://plugin.video.exodus/?action=seasons&amp;imdb=tt4939064&amp;tvdb=316345&amp;tvshowtitle=Mars&amp;year=2016&quot;,return)</favourite>
    <favourite name="[COLORwhite]The Party&apos;s Just Beginning (2018)[/COLOR]" thumb="https://m.media-amazon.com/images/M/MV5BYjJhYjU3MmYtMDgwMS00ZDE0LWFjZjMtY2I2ZGMwOGZjNjQ3XkEyXkFqcGdeQXVyODE2NjE1NjQ@._V1_SY1000_SX675_AL_.jpg">ActivateWindow(10025,&quot;plugin://plugin.video.themagicdragon/?fanart=http%3a%2f%2fsupremacy.org.uk%2ftombraider%2fdogsbollocks%2fIcons%2ffanart.jpg&amp;mode=30&amp;name=%5bCOLORwhite%5dThe%20Party%27s%20Just%20Beginning%20(2018)%5b%2fCOLOR%5d&amp;url=%0d%0asublink%3aLISTSOURCE%3ahttps%3a%2f%2fwww.youtube.com%2fwatch%3fv%3dQVUEoSsw6ZU%3a%3aLISTNAME%3a%5bCOLORorchid%5dSHOW%20ME%20THE%20TRAILER%20FIRST%5b%2fCOLOR%5d%3a%3a%23%0d%0asublink%3aLISTSOURCE%3ahttps%3a%2f%2fvidoza.net%2fhjubugepx6oe.html%3a%3aLISTNAME%3a%5bCOLORwhite%5dSD%20%20LINK%201%5b%2fCOLOR%5d%3a%3a%23%0d%0asublink%3aLISTSOURCE%3ahttps%3a%2f%2fstreamango.com%2ff%2fpdbeddfdefrakbde%2fThe_Partys_Just_Beginning_2018_HDRip_XviD_AC3-EVO_EtMovies_avi_mp4%3a%3aLISTNAME%3a%5bCOLORwhite%5dSD%20%20LINK%202%5b%2fCOLOR%5d%3a%3a%23%0d%0asublink%3aLISTSOURCE%3ahttps%3a%2f%2fstreamcherry.com%2ff%2fstkordsectocmbmm%2fThe_Partys_Just_Beginning_2018_HDRip_XviD_AC3-EVO_EtMovies_avi_mp4%3a%3aLISTNAME%3a%5bCOLORwhite%5dSD%20%20LINK%203%5b%2fCOLOR%5d%3a%3a%23%0d%0asublink%3aLISTSOURCE%3ahttps%3a%2f%2fuptobox.com%2feg91f3qwgfww%3a%3aLISTNAME%3a%5bCOLORwhite%5dSD%20%20LINK%204%5b%2fCOLOR%5d%3a%3a%23%0d%0asublink%3aLISTSOURCE%3ahttps%3a%2f%2fopenload.co%2ff%2fjap2iEQGPVo%2fThe.Partys.Just.Beginning.2018.HDRip.XviD.AC3-EVO%255BEtMovies%255D.avi.mp4%3a%3aLISTNAME%3a%5bCOLORwhite%5dSD%20%20LINK%205%20OLOAD%20PAIR%5b%2fCOLOR%5d%3a%3a%23%0d%0asublink%3aLISTSOURCE%3ahttps%3a%2f%2frapidgator.net%2ffile%2f91cf4a217bbeceabea0beb2b75254262%2fThe.Partys.Just.Beginning.2018.HDRip.XviD.AC3-EVO%5bEtMovies%5d.avi.html%3a%3aLISTNAME%3a%5bCOLORwhite%5dSD%20%20LINK%206%5bCOLORred%5d%20Real%20Debrid%20Only%5b%2fCOLOR%5d%5b%2fCOLOR%5d%3a%3a%23%0d%0asublink%3aLISTSOURCE%3ahttps%3a%2f%2f1fichier.com%2f%3fshcf2uhp8ts4qp710pvs%3a%3aLISTNAME%3a%5bCOLORgold%5dHD%20%20LINK%207%5bCOLORred%5d%20Real%20Debrid%20Only%5b%2fCOLOR%5d%5b%2fCOLOR%5d%3a%3a%23%0d%0a&quot;,return)</favourite>
</favourites>
