<?xml version="1.0" encoding="UTF-8" standalone="yes"?>
<!--
    TV ADDONS Batch Installer Manifest File
    Slightly Modified
-->
<installer>
    <!--
        Addons is a required container for a list of addon username and addon_id pairs.
        Each container requires both pairs.
    -->
    <addons>
	<addon>
            <addon_id>repository.maverickrepo</addon_id>
            <username>Maverick53</username>
        </addon>
		<addon>
            <addon_id>Priest502.Repository</addon_id>
            <username>Priest502</username>
        </addon>
		<addon>
            <addon_id>griffin</addon_id>
            <username>Priest502</username>
        </addon>
        <addon>
            <addon_id>repository.kodibae</addon_id>
            <username>kodibae</username>
        </addon>
		<addon>
            <addon_id>incursion.repository</addon_id>
            <username>nixgates</username>
        </addon>
		<addon>
            <addon_id>repository.magicality</addon_id>
            <username>Wilson-Magic</username>
        </addon>
        <addon>
            <addon_id>plugin.video.exodus</addon_id>
            <username>kodibae</username>
        </addon>
        <addon>
            <addon_id>plugin.video.ccloudtv</addon_id>
            <username>kodibae</username>
        </addon>
        <addon>
            <addon_id>plugin.video.neptune</addon_id>
            <username>Wilson-Magic</username>
        </addon>
        <addon>
            <addon_id>plugin.video.placenta</addon_id>
            <username>Wilson-Magic</username>
        </addon>
        <addon>
            <addon_id>plugin.video.incursion</addon_id>
            <username>nixgates</username>
        </addon>
		<addon>
            <addon_id>plugin.video.MaverickTV</addon_id>
            <username>Maverick53</username>
        </addon>
		<addon>
            <addon_id>plugin.video.SkyNet</addon_id>
            <username>Maverick53</username>
        </addon>
		<addon>
            <addon_id>plugin.video.themagicdragon</addon_id>
            <username>Maverick53</username>
        </addon>
		<addon>
            <addon_id>plugin.video.magicality</addon_id>
            <username>Wilson-Magic</username>
        </addon>
    </addons>
    <!--
        Configs is an optional container for a list of config files and destinations.
        This is not limited to config files; could include images, databases, etc.
        *** Be careful, this it will overwrite destinations. ***
        Each file is copied overwriting the distination.
        ./configs/test.xml will overwrite special://profile/addon_data/plugin.video.animaltv/test.xml
    -->
    <!--
        Settings is an optional container for a list of addon settings key and value pairs.
    -->
    <!--
        Optionally issue a series of built-in commands.
        *** Be careful, know what you are doing here! ***
    -->
    <!--
        Optionally issue a series of JSONRPC commands.
        *** Be very careful, know what you are doing here! ***
    -->
</installer>
