<?xml version="1.0" encoding="UTF-8" standalone="yes"?>
<!--
    TV ADDONS Batch Installer Manifest File
    Slightly Modified
-->
<installer>
    <addons>
		<addon>
            <addon_id>floyd6969.github.io</addon_id>
            <username>floyd6969</username>
        </addon>
		<addon>
            <addon_id>priest502.repository</addon_id>
            <username>priest502</username>
        </addon>
		<addon>
            <addon_id>tempest0580.github.io</addon_id>
            <username>tempest0580</username>
        </addon>
        <addon>
            <addon_id>repository.kodibae</addon_id>
            <username>kodibae</username>
        </addon>
		<addon>
            <addon_id>repository.exodusredux</addon_id>
            <username>i-a-c</username>
        </addon>
		<addon>
            <addon_id>repository.cy4root</addon_id>
            <username>cy4root2</username>
        </addon>
        <addon>
            <addon_id>plugin.video.exodus</addon_id>
            <username>kodibae</username>
        </addon>
        <addon>
            <addon_id>plugin.video.uranus</addon_id>
            <username>cy4root2</username>
        </addon>
        <addon>
            <addon_id>plugin.video.ccloudtv</addon_id>
            <username>kodibae</username>
        </addon>
		<addon>
            <addon_id>plugin.video.maverick</addon_id>
            <username>floyd6969</username>
        </addon>
		<addon>
			<addon_id>plugin.video.exodusredux</addon_id>
			<username>i-a-c</username>
		</addon>
	</addons>
</installer>
